edge_id,edge_type,source_obj,sink_obj,is_back_edge
0_121,1,0_120,0_5,0
0_122,1,0_120,0_6,0
0_125,1,0_1,0_9,0
0_126,1,0_9,0_10,0
0_127,1,0_6,0_10,0
0_129,1,0_128,0_11,0
0_130,1,0_5,0_11,0
0_131,2,0_18,0_12,0
0_132,1,0_6,0_116,0
0_135,1,0_4,0_117,0
0_136,1,0_116,0_117,0
0_137,1,0_5,0_14,0
0_140,1,0_14,0_15,0
0_142,1,0_141,0_15,0
0_143,1,0_15,0_17,0
0_144,2,0_115,0_17,0
0_145,2,0_119,0_17,0
0_146,1,0_6,0_19,0
0_147,1,0_14,0_20,0
0_149,1,0_14,0_23,0
0_151,1,0_150,0_23,0
0_153,1,0_14,0_24,0
0_155,1,0_154,0_24,0
0_158,1,0_24,0_25,0
0_160,1,0_159,0_25,0
0_161,1,0_20,0_26,0
0_162,1,0_2,0_27,0
0_164,1,0_163,0_27,0
0_165,1,0_26,0_27,0
0_166,1,0_27,0_28,0
0_167,1,0_25,0_29,0
0_168,1,0_28,0_30,0
0_169,1,0_29,0_30,0
0_170,1,0_30,0_31,0
0_171,1,0_3,0_32,0
0_172,1,0_163,0_32,0
0_173,1,0_26,0_32,0
0_174,1,0_32,0_33,0
0_175,1,0_25,0_34,0
0_176,1,0_33,0_35,0
0_177,1,0_34,0_35,0
0_178,1,0_35,0_36,0
0_181,1,0_31,0_37,0
0_182,1,0_36,0_37,0
0_183,1,0_23,0_37,0
0_184,1,0_14,0_38,0
0_187,1,0_38,0_39,0
0_188,1,0_159,0_39,0
0_192,1,0_191,0_40,0
0_193,1,0_38,0_40,0
0_194,1,0_159,0_40,0
0_195,1,0_40,0_41,0
0_197,1,0_196,0_42,0
0_198,1,0_41,0_42,0
0_199,1,0_37,0_43,0
0_200,1,0_37,0_44,0
0_201,1,0_43,0_45,0
0_202,1,0_41,0_45,0
0_203,1,0_42,0_46,0
0_204,1,0_42,0_47,0
0_206,1,0_205,0_47,0
0_207,1,0_46,0_48,0
0_209,1,0_208,0_48,0
0_210,1,0_19,0_49,0
0_211,1,0_19,0_50,0
0_212,1,0_47,0_50,0
0_213,1,0_49,0_51,0
0_214,1,0_48,0_51,0
0_215,1,0_45,0_52,0
0_216,1,0_45,0_53,0
0_217,1,0_50,0_53,0
0_221,1,0_220,0_54,0
0_222,1,0_38,0_54,0
0_223,1,0_159,0_54,0
0_224,1,0_54,0_55,0
0_226,1,0_225,0_56,0
0_227,1,0_55,0_56,0
0_228,1,0_56,0_57,0
0_229,1,0_44,0_58,0
0_230,1,0_55,0_58,0
0_231,1,0_57,0_59,0
0_233,1,0_232,0_59,0
0_234,1,0_59,0_60,0
0_235,1,0_59,0_61,0
0_236,1,0_52,0_62,0
0_237,1,0_51,0_62,0
0_238,1,0_53,0_63,0
0_239,1,0_60,0_63,0
0_240,1,0_62,0_64,0
0_241,1,0_61,0_64,0
0_242,1,0_64,0_65,0
0_243,1,0_58,0_65,0
0_246,1,0_63,0_66,0
0_248,1,0_247,0_66,0
0_250,1,0_249,0_66,0
0_253,1,0_63,0_67,0
0_254,1,0_247,0_67,0
0_256,1,0_255,0_67,0
0_259,1,0_66,0_68,0
0_260,1,0_65,0_68,0
0_261,1,0_20,0_69,0
0_263,1,0_262,0_69,0
0_264,1,0_69,0_70,0
0_265,1,0_2,0_71,0
0_266,1,0_163,0_71,0
0_267,1,0_70,0_71,0
0_268,1,0_71,0_72,0
0_269,1,0_25,0_73,0
0_270,1,0_72,0_74,0
0_271,1,0_73,0_74,0
0_272,1,0_74,0_75,0
0_273,1,0_3,0_76,0
0_274,1,0_163,0_76,0
0_275,1,0_70,0_76,0
0_276,1,0_76,0_77,0
0_277,1,0_25,0_78,0
0_278,1,0_77,0_79,0
0_279,1,0_78,0_79,0
0_280,1,0_79,0_80,0
0_282,1,0_75,0_81,0
0_283,1,0_80,0_81,0
0_284,1,0_23,0_81,0
0_285,1,0_39,0_82,0
0_287,1,0_286,0_82,0
0_290,1,0_191,0_83,0
0_291,1,0_82,0_83,0
0_292,1,0_83,0_84,0
0_293,1,0_196,0_85,0
0_294,1,0_84,0_85,0
0_295,1,0_81,0_86,0
0_296,1,0_81,0_87,0
0_297,1,0_86,0_88,0
0_298,1,0_84,0_88,0
0_299,1,0_85,0_89,0
0_300,1,0_85,0_90,0
0_301,1,0_205,0_90,0
0_302,1,0_89,0_91,0
0_304,1,0_303,0_91,0
0_307,1,0_67,0_92,0
0_308,1,0_65,0_92,0
0_309,1,0_68,0_93,0
0_310,1,0_90,0_93,0
0_311,1,0_92,0_94,0
0_312,1,0_91,0_94,0
0_313,1,0_88,0_95,0
0_314,1,0_88,0_96,0
0_315,1,0_93,0_96,0
0_318,1,0_220,0_97,0
0_319,1,0_82,0_97,0
0_320,1,0_97,0_98,0
0_322,1,0_321,0_99,0
0_323,1,0_98,0_99,0
0_324,1,0_99,0_100,0
0_325,1,0_87,0_101,0
0_326,1,0_98,0_101,0
0_327,1,0_100,0_102,0
0_329,1,0_328,0_102,0
0_330,1,0_102,0_103,0
0_331,1,0_102,0_104,0
0_332,1,0_95,0_105,0
0_333,1,0_94,0_105,0
0_334,1,0_96,0_106,0
0_335,1,0_103,0_106,0
0_336,1,0_105,0_107,0
0_337,1,0_104,0_107,0
0_338,1,0_107,0_108,0
0_339,1,0_101,0_108,0
0_342,1,0_106,0_109,0
0_344,1,0_343,0_109,0
0_345,1,0_249,0_109,0
0_348,1,0_109,0_110,0
0_349,1,0_108,0_110,0
0_350,1,0_14,0_111,0
0_352,1,0_351,0_111,0
0_353,1,0_110,0_112,0
0_354,1,0_6,0_112,0
0_355,1,0_111,0_113,0
0_356,1,0_5,0_113,0
0_357,2,0_18,0_114,0
0_418,2,0_13,0_18,0
0_419,2,0_18,0_119,0
0_420,2,0_18,0_115,0
0_421,2,0_115,0_18,1
0_422,4,0_19,0_112,0
0_423,4,0_11,0_14,0
0_424,4,0_10,0_116,0
0_425,4,0_10,0_19,0
0_426,4,0_10,0_112,0
0_427,4,0_11,0_113,0
0_428,4,0_14,0_113,0
1_76,1,1_75,1_4,0
1_78,1,1_77,1_8,0
1_79,1,1_4,1_8,0
1_80,2,1_43,1_9,0
1_81,1,1_4,1_11,0
1_82,1,1_11,1_12,0
1_83,1,1_11,1_13,0
1_87,1,1_86,1_16,0
1_88,1,1_11,1_16,0
1_89,1,1_16,1_17,0
1_90,1,1_1,1_18,0
1_92,1,1_91,1_18,0
1_93,1,1_17,1_18,0
1_94,1,1_18,1_19,0
1_95,1,1_1,1_20,0
1_96,1,1_91,1_20,0
1_97,1,1_12,1_20,0
1_98,1,1_19,1_21,0
1_99,1,1_20,1_21,0
1_102,1,1_11,1_22,0
1_104,1,1_103,1_22,0
1_106,1,1_11,1_23,0
1_108,1,1_107,1_23,0
1_111,1,1_23,1_24,0
1_113,1,1_112,1_24,0
1_114,1,1_13,1_25,0
1_115,1,1_2,1_26,0
1_116,1,1_91,1_26,0
1_117,1,1_25,1_26,0
1_118,1,1_26,1_27,0
1_119,1,1_24,1_28,0
1_120,1,1_27,1_29,0
1_121,1,1_28,1_29,0
1_122,1,1_29,1_30,0
1_123,1,1_3,1_31,0
1_124,1,1_91,1_31,0
1_125,1,1_25,1_31,0
1_126,1,1_31,1_32,0
1_127,1,1_24,1_33,0
1_128,1,1_32,1_34,0
1_129,1,1_33,1_34,0
1_130,1,1_34,1_35,0
1_133,1,1_30,1_36,0
1_134,1,1_35,1_36,0
1_135,1,1_22,1_36,0
1_136,1,1_19,1_37,0
1_137,1,1_36,1_37,0
1_138,1,1_24,1_39,0
1_140,1,1_139,1_40,0
1_141,1,1_39,1_40,0
1_142,1,1_40,1_41,0
1_144,1,1_143,1_41,0
1_145,1,1_22,1_42,0
1_146,2,1_50,1_42,0
1_147,2,1_57,1_42,0
1_150,1,1_149,1_58,0
1_151,1,1_11,1_58,0
1_152,1,1_58,1_59,0
1_155,1,1_154,1_60,0
1_156,1,1_11,1_60,0
1_157,1,1_60,1_61,0
1_158,1,1_1,1_62,0
1_159,1,1_91,1_62,0
1_160,1,1_61,1_62,0
1_161,1,1_62,1_63,0
1_162,1,1_1,1_64,0
1_163,1,1_91,1_64,0
1_164,1,1_59,1_64,0
1_165,1,1_63,1_65,0
1_166,1,1_64,1_65,0
1_167,1,1_11,1_66,0
1_168,1,1_77,1_66,0
1_169,1,1_11,1_67,0
1_171,1,1_170,1_67,0
1_172,1,1_67,1_68,0
1_173,2,1_72,1_68,0
1_174,2,1_74,1_68,0
1_175,1,1_66,1_70,0
1_176,1,1_4,1_70,0
1_177,2,1_43,1_71,0
1_178,1,1_27,1_44,0
1_179,1,1_41,1_44,0
1_180,1,1_37,1_45,0
1_181,1,1_45,1_46,0
1_182,1,1_39,1_46,0
1_183,1,1_44,1_47,0
1_184,1,1_46,1_47,0
1_185,1,1_47,1_48,0
1_186,1,1_26,1_48,0
1_187,2,1_69,1_49,0
1_188,1,1_32,1_51,0
1_189,1,1_41,1_51,0
1_190,1,1_37,1_52,0
1_191,1,1_52,1_53,0
1_192,1,1_39,1_53,0
1_193,1,1_51,1_54,0
1_194,1,1_53,1_54,0
1_195,1,1_54,1_55,0
1_196,1,1_31,1_55,0
1_197,2,1_69,1_56,0
1_278,2,1_10,1_43,0
1_279,2,1_43,1_57,0
1_280,2,1_43,1_50,0
1_281,2,1_50,1_69,0
1_282,2,1_57,1_69,0
1_283,2,1_69,1_74,0
1_284,2,1_69,1_72,0
1_285,2,1_72,1_43,1
1_286,4,1_32,1_55,0
1_287,4,1_27,1_48,0
1_288,4,1_8,1_11,0
1_289,4,1_8,1_70,0
1_290,4,1_11,1_70,0
2_672,1,2_3,2_5,0
2_675,1,2_2,2_6,0
2_678,1,2_1,2_7,0
2_679,1,2_6,2_8,0
2_681,1,2_680,2_8,0
2_682,1,2_8,2_9,0
2_683,1,2_8,2_10,0
2_684,1,2_7,2_11,0
2_685,1,2_9,2_11,0
2_686,1,2_11,2_12,0
2_687,1,2_12,2_13,0
2_688,1,2_4,2_14,0
2_690,1,2_689,2_14,0
2_691,1,2_13,2_14,0
2_692,1,2_14,2_15,0
2_693,1,2_6,2_16,0
2_694,1,2_6,2_17,0
2_695,1,2_7,2_18,0
2_696,1,2_16,2_18,0
2_697,1,2_18,2_19,0
2_698,1,2_19,2_20,0
2_699,1,2_5,2_20,0
2_700,1,2_20,2_21,0
2_701,1,2_15,2_21,0
2_703,1,2_702,2_22,0
2_704,1,2_17,2_22,0
2_705,1,2_22,2_23,0
2_706,1,2_21,2_24,0
2_707,1,2_24,2_25,0
2_708,1,2_17,2_25,0
2_709,1,2_23,2_26,0
2_711,1,2_710,2_26,0
2_712,1,2_26,2_27,0
2_713,1,2_7,2_28,0
2_714,1,2_26,2_29,0
2_715,1,2_27,2_30,0
2_716,1,2_7,2_30,0
2_717,1,2_29,2_31,0
2_718,1,2_28,2_31,0
2_719,1,2_31,2_32,0
2_720,1,2_25,2_32,0
2_723,1,2_30,2_33,0
2_725,1,2_724,2_33,0
2_727,1,2_726,2_33,0
2_730,1,2_30,2_34,0
2_731,1,2_724,2_34,0
2_733,1,2_732,2_34,0
2_736,1,2_33,2_35,0
2_737,1,2_32,2_35,0
2_738,1,2_6,2_36,0
2_740,1,2_739,2_36,0
2_741,1,2_36,2_37,0
2_742,1,2_36,2_38,0
2_743,1,2_35,2_39,0
2_744,1,2_37,2_39,0
2_745,1,2_39,2_40,0
2_746,1,2_40,2_41,0
2_747,1,2_4,2_42,0
2_748,1,2_689,2_42,0
2_749,1,2_41,2_42,0
2_750,1,2_42,2_43,0
2_751,1,2_6,2_44,0
2_753,1,2_752,2_44,0
2_754,1,2_44,2_45,0
2_755,1,2_44,2_46,0
2_756,1,2_35,2_47,0
2_757,1,2_45,2_47,0
2_758,1,2_47,2_48,0
2_759,1,2_43,2_49,0
2_760,1,2_48,2_49,0
2_762,1,2_761,2_50,0
2_763,1,2_46,2_50,0
2_764,1,2_50,2_51,0
2_765,1,2_49,2_52,0
2_766,1,2_52,2_53,0
2_767,1,2_46,2_53,0
2_768,1,2_51,2_54,0
2_770,1,2_769,2_54,0
2_771,1,2_54,2_55,0
2_772,1,2_54,2_56,0
2_775,1,2_34,2_57,0
2_776,1,2_32,2_57,0
2_777,1,2_35,2_58,0
2_778,1,2_55,2_58,0
2_779,1,2_57,2_59,0
2_780,1,2_56,2_59,0
2_781,1,2_59,2_60,0
2_782,1,2_53,2_60,0
2_785,1,2_58,2_61,0
2_787,1,2_786,2_61,0
2_788,1,2_726,2_61,0
2_790,1,2_58,2_62,0
2_791,1,2_786,2_62,0
2_793,1,2_792,2_62,0
2_796,1,2_61,2_63,0
2_797,1,2_60,2_63,0
2_798,1,2_6,2_64,0
2_800,1,2_799,2_64,0
2_801,1,2_64,2_65,0
2_802,1,2_63,2_66,0
2_803,1,2_65,2_66,0
2_804,1,2_66,2_67,0
2_805,1,2_67,2_68,0
2_806,1,2_4,2_69,0
2_807,1,2_689,2_69,0
2_808,1,2_68,2_69,0
2_809,1,2_69,2_70,0
2_810,1,2_6,2_71,0
2_812,1,2_811,2_71,0
2_813,1,2_71,2_72,0
2_814,1,2_71,2_73,0
2_815,1,2_63,2_74,0
2_816,1,2_72,2_74,0
2_817,1,2_74,2_75,0
2_818,1,2_70,2_76,0
2_819,1,2_75,2_76,0
2_821,1,2_820,2_77,0
2_822,1,2_73,2_77,0
2_823,1,2_77,2_78,0
2_824,1,2_76,2_79,0
2_825,1,2_79,2_80,0
2_826,1,2_73,2_80,0
2_827,1,2_78,2_81,0
2_829,1,2_828,2_81,0
2_830,1,2_81,2_82,0
2_831,1,2_81,2_83,0
2_834,1,2_62,2_84,0
2_835,1,2_60,2_84,0
2_836,1,2_63,2_85,0
2_837,1,2_82,2_85,0
2_838,1,2_84,2_86,0
2_839,1,2_83,2_86,0
2_840,1,2_86,2_87,0
2_841,1,2_80,2_87,0
2_844,1,2_85,2_88,0
2_846,1,2_845,2_88,0
2_847,1,2_726,2_88,0
2_849,1,2_85,2_89,0
2_850,1,2_845,2_89,0
2_852,1,2_851,2_89,0
2_855,1,2_88,2_90,0
2_856,1,2_87,2_90,0
2_857,1,2_6,2_91,0
2_859,1,2_858,2_91,0
2_860,1,2_91,2_92,0
2_861,1,2_91,2_93,0
2_862,1,2_90,2_94,0
2_863,1,2_92,2_94,0
2_864,1,2_94,2_95,0
2_865,1,2_95,2_96,0
2_866,1,2_4,2_97,0
2_867,1,2_689,2_97,0
2_868,1,2_96,2_97,0
2_869,1,2_97,2_98,0
2_870,1,2_6,2_99,0
2_872,1,2_871,2_99,0
2_873,1,2_99,2_100,0
2_874,1,2_99,2_101,0
2_875,1,2_90,2_102,0
2_876,1,2_100,2_102,0
2_877,1,2_102,2_103,0
2_878,1,2_98,2_104,0
2_879,1,2_103,2_104,0
2_881,1,2_880,2_105,0
2_882,1,2_101,2_105,0
2_883,1,2_105,2_106,0
2_884,1,2_104,2_107,0
2_885,1,2_107,2_108,0
2_886,1,2_101,2_108,0
2_887,1,2_106,2_109,0
2_889,1,2_888,2_109,0
2_890,1,2_109,2_110,0
2_891,1,2_109,2_111,0
2_894,1,2_89,2_112,0
2_895,1,2_87,2_112,0
2_896,1,2_90,2_113,0
2_897,1,2_110,2_113,0
2_898,1,2_112,2_114,0
2_899,1,2_111,2_114,0
2_900,1,2_114,2_115,0
2_901,1,2_108,2_115,0
2_904,1,2_113,2_116,0
2_906,1,2_905,2_116,0
2_907,1,2_726,2_116,0
2_909,1,2_113,2_117,0
2_910,1,2_905,2_117,0
2_912,1,2_911,2_117,0
2_915,1,2_116,2_118,0
2_916,1,2_115,2_118,0
2_917,1,2_5,2_119,0
2_919,1,2_918,2_119,0
2_922,1,2_5,2_120,0
2_924,1,2_923,2_120,0
2_925,1,2_120,2_121,0
2_927,1,2_926,2_121,0
2_929,1,2_928,2_121,0
2_930,1,2_121,2_122,0
2_931,1,2_119,2_122,0
2_932,1,2_6,2_123,0
2_934,1,2_933,2_123,0
2_935,1,2_123,2_124,0
2_936,1,2_123,2_125,0
2_937,1,2_118,2_126,0
2_938,1,2_124,2_126,0
2_939,1,2_126,2_127,0
2_940,1,2_127,2_128,0
2_941,1,2_21,2_128,0
2_943,1,2_942,2_129,0
2_944,1,2_125,2_129,0
2_945,1,2_129,2_130,0
2_946,1,2_128,2_131,0
2_947,1,2_131,2_132,0
2_948,1,2_125,2_132,0
2_949,1,2_130,2_133,0
2_951,1,2_950,2_133,0
2_952,1,2_133,2_134,0
2_953,1,2_133,2_135,0
2_956,1,2_117,2_136,0
2_957,1,2_115,2_136,0
2_958,1,2_118,2_137,0
2_959,1,2_134,2_137,0
2_960,1,2_136,2_138,0
2_961,1,2_135,2_138,0
2_962,1,2_138,2_139,0
2_963,1,2_132,2_139,0
2_966,1,2_137,2_140,0
2_968,1,2_967,2_140,0
2_969,1,2_726,2_140,0
2_971,1,2_137,2_141,0
2_972,1,2_967,2_141,0
2_974,1,2_973,2_141,0
2_977,1,2_140,2_142,0
2_978,1,2_139,2_142,0
2_979,1,2_6,2_143,0
2_981,1,2_980,2_143,0
2_982,1,2_143,2_144,0
2_983,1,2_143,2_145,0
2_984,1,2_142,2_146,0
2_985,1,2_144,2_146,0
2_986,1,2_146,2_147,0
2_987,1,2_147,2_148,0
2_988,1,2_49,2_148,0
2_990,1,2_989,2_149,0
2_991,1,2_145,2_149,0
2_992,1,2_149,2_150,0
2_993,1,2_148,2_151,0
2_994,1,2_151,2_152,0
2_995,1,2_145,2_152,0
2_996,1,2_150,2_153,0
2_998,1,2_997,2_153,0
2_999,1,2_153,2_154,0
2_1000,1,2_153,2_155,0
2_1003,1,2_141,2_156,0
2_1004,1,2_139,2_156,0
2_1005,1,2_142,2_157,0
2_1006,1,2_154,2_157,0
2_1007,1,2_156,2_158,0
2_1008,1,2_155,2_158,0
2_1009,1,2_158,2_159,0
2_1010,1,2_152,2_159,0
2_1013,1,2_157,2_160,0
2_1015,1,2_1014,2_160,0
2_1016,1,2_726,2_160,0
2_1018,1,2_157,2_161,0
2_1019,1,2_1014,2_161,0
2_1021,1,2_1020,2_161,0
2_1024,1,2_160,2_162,0
2_1025,1,2_159,2_162,0
2_1026,1,2_6,2_163,0
2_1028,1,2_1027,2_163,0
2_1029,1,2_163,2_164,0
2_1030,1,2_163,2_165,0
2_1031,1,2_162,2_166,0
2_1032,1,2_164,2_166,0
2_1033,1,2_166,2_167,0
2_1034,1,2_167,2_168,0
2_1035,1,2_76,2_168,0
2_1037,1,2_1036,2_169,0
2_1038,1,2_165,2_169,0
2_1039,1,2_169,2_170,0
2_1040,1,2_168,2_171,0
2_1041,1,2_171,2_172,0
2_1042,1,2_165,2_172,0
2_1043,1,2_170,2_173,0
2_1045,1,2_1044,2_173,0
2_1046,1,2_173,2_174,0
2_1047,1,2_173,2_175,0
2_1050,1,2_161,2_176,0
2_1051,1,2_159,2_176,0
2_1052,1,2_162,2_177,0
2_1053,1,2_174,2_177,0
2_1054,1,2_176,2_178,0
2_1055,1,2_175,2_178,0
2_1056,1,2_178,2_179,0
2_1057,1,2_172,2_179,0
2_1060,1,2_177,2_180,0
2_1062,1,2_1061,2_180,0
2_1063,1,2_726,2_180,0
2_1065,1,2_177,2_181,0
2_1066,1,2_1061,2_181,0
2_1068,1,2_1067,2_181,0
2_1071,1,2_180,2_182,0
2_1072,1,2_179,2_182,0
2_1073,1,2_6,2_183,0
2_1075,1,2_1074,2_183,0
2_1076,1,2_183,2_184,0
2_1077,1,2_183,2_185,0
2_1078,1,2_182,2_186,0
2_1079,1,2_184,2_186,0
2_1080,1,2_186,2_187,0
2_1081,1,2_187,2_188,0
2_1082,1,2_104,2_188,0
2_1084,1,2_1083,2_189,0
2_1085,1,2_185,2_189,0
2_1086,1,2_189,2_190,0
2_1087,1,2_188,2_191,0
2_1088,1,2_191,2_192,0
2_1089,1,2_185,2_192,0
2_1090,1,2_190,2_193,0
2_1092,1,2_1091,2_193,0
2_1093,1,2_193,2_194,0
2_1094,1,2_193,2_195,0
2_1097,1,2_181,2_196,0
2_1098,1,2_179,2_196,0
2_1099,1,2_182,2_197,0
2_1100,1,2_194,2_197,0
2_1101,1,2_196,2_198,0
2_1102,1,2_195,2_198,0
2_1103,1,2_198,2_199,0
2_1104,1,2_192,2_199,0
2_1107,1,2_197,2_200,0
2_1109,1,2_1108,2_200,0
2_1110,1,2_726,2_200,0
2_1112,1,2_197,2_201,0
2_1113,1,2_1108,2_201,0
2_1115,1,2_1114,2_201,0
2_1118,1,2_200,2_202,0
2_1119,1,2_199,2_202,0
2_1120,1,2_6,2_203,0
2_1122,1,2_1121,2_203,0
2_1123,1,2_203,2_204,0
2_1124,1,2_203,2_205,0
2_1125,1,2_202,2_206,0
2_1126,1,2_204,2_206,0
2_1127,1,2_206,2_207,0
2_1128,1,2_207,2_208,0
2_1129,1,2_128,2_208,0
2_1131,1,2_1130,2_209,0
2_1132,1,2_205,2_209,0
2_1133,1,2_209,2_210,0
2_1134,1,2_208,2_211,0
2_1135,1,2_211,2_212,0
2_1136,1,2_205,2_212,0
2_1137,1,2_210,2_213,0
2_1139,1,2_1138,2_213,0
2_1140,1,2_213,2_214,0
2_1141,1,2_213,2_215,0
2_1144,1,2_201,2_216,0
2_1145,1,2_199,2_216,0
2_1146,1,2_202,2_217,0
2_1147,1,2_214,2_217,0
2_1148,1,2_216,2_218,0
2_1149,1,2_215,2_218,0
2_1150,1,2_218,2_219,0
2_1151,1,2_212,2_219,0
2_1154,1,2_217,2_220,0
2_1156,1,2_1155,2_220,0
2_1157,1,2_726,2_220,0
2_1159,1,2_217,2_221,0
2_1160,1,2_1155,2_221,0
2_1162,1,2_1161,2_221,0
2_1165,1,2_220,2_222,0
2_1166,1,2_219,2_222,0
2_1167,1,2_6,2_223,0
2_1169,1,2_1168,2_223,0
2_1170,1,2_223,2_224,0
2_1171,1,2_223,2_225,0
2_1172,1,2_222,2_226,0
2_1173,1,2_224,2_226,0
2_1174,1,2_226,2_227,0
2_1175,1,2_227,2_228,0
2_1176,1,2_148,2_228,0
2_1178,1,2_1177,2_229,0
2_1179,1,2_225,2_229,0
2_1180,1,2_229,2_230,0
2_1181,1,2_228,2_231,0
2_1182,1,2_231,2_232,0
2_1183,1,2_225,2_232,0
2_1184,1,2_230,2_233,0
2_1186,1,2_1185,2_233,0
2_1187,1,2_233,2_234,0
2_1188,1,2_233,2_235,0
2_1191,1,2_221,2_236,0
2_1192,1,2_219,2_236,0
2_1193,1,2_222,2_237,0
2_1194,1,2_234,2_237,0
2_1195,1,2_236,2_238,0
2_1196,1,2_235,2_238,0
2_1197,1,2_238,2_239,0
2_1198,1,2_232,2_239,0
2_1201,1,2_237,2_240,0
2_1203,1,2_1202,2_240,0
2_1204,1,2_726,2_240,0
2_1206,1,2_237,2_241,0
2_1207,1,2_1202,2_241,0
2_1209,1,2_1208,2_241,0
2_1212,1,2_240,2_242,0
2_1213,1,2_239,2_242,0
2_1214,1,2_6,2_243,0
2_1216,1,2_1215,2_243,0
2_1217,1,2_243,2_244,0
2_1218,1,2_243,2_245,0
2_1219,1,2_242,2_246,0
2_1220,1,2_244,2_246,0
2_1221,1,2_246,2_247,0
2_1222,1,2_247,2_248,0
2_1223,1,2_168,2_248,0
2_1225,1,2_1224,2_249,0
2_1226,1,2_245,2_249,0
2_1227,1,2_249,2_250,0
2_1228,1,2_248,2_251,0
2_1229,1,2_251,2_252,0
2_1230,1,2_245,2_252,0
2_1231,1,2_250,2_253,0
2_1233,1,2_1232,2_253,0
2_1234,1,2_253,2_254,0
2_1235,1,2_253,2_255,0
2_1238,1,2_241,2_256,0
2_1239,1,2_239,2_256,0
2_1240,1,2_242,2_257,0
2_1241,1,2_254,2_257,0
2_1242,1,2_256,2_258,0
2_1243,1,2_255,2_258,0
2_1244,1,2_258,2_259,0
2_1245,1,2_252,2_259,0
2_1248,1,2_257,2_260,0
2_1250,1,2_1249,2_260,0
2_1251,1,2_726,2_260,0
2_1253,1,2_257,2_261,0
2_1254,1,2_1249,2_261,0
2_1256,1,2_1255,2_261,0
2_1259,1,2_260,2_262,0
2_1260,1,2_259,2_262,0
2_1261,1,2_6,2_263,0
2_1263,1,2_1262,2_263,0
2_1264,1,2_263,2_264,0
2_1265,1,2_263,2_265,0
2_1266,1,2_262,2_266,0
2_1267,1,2_264,2_266,0
2_1268,1,2_266,2_267,0
2_1269,1,2_267,2_268,0
2_1270,1,2_188,2_268,0
2_1272,1,2_1271,2_269,0
2_1273,1,2_265,2_269,0
2_1274,1,2_269,2_270,0
2_1275,1,2_268,2_271,0
2_1276,1,2_271,2_272,0
2_1277,1,2_265,2_272,0
2_1278,1,2_270,2_273,0
2_1280,1,2_1279,2_273,0
2_1281,1,2_273,2_274,0
2_1282,1,2_273,2_275,0
2_1285,1,2_261,2_276,0
2_1286,1,2_259,2_276,0
2_1287,1,2_262,2_277,0
2_1288,1,2_274,2_277,0
2_1289,1,2_276,2_278,0
2_1290,1,2_275,2_278,0
2_1291,1,2_278,2_279,0
2_1292,1,2_272,2_279,0
2_1295,1,2_277,2_280,0
2_1297,1,2_1296,2_280,0
2_1298,1,2_726,2_280,0
2_1300,1,2_277,2_281,0
2_1301,1,2_1296,2_281,0
2_1303,1,2_1302,2_281,0
2_1306,1,2_280,2_282,0
2_1307,1,2_279,2_282,0
2_1308,1,2_6,2_283,0
2_1310,1,2_1309,2_283,0
2_1311,1,2_283,2_284,0
2_1312,1,2_283,2_285,0
2_1313,1,2_282,2_286,0
2_1314,1,2_284,2_286,0
2_1315,1,2_286,2_287,0
2_1316,1,2_287,2_288,0
2_1317,1,2_208,2_288,0
2_1319,1,2_1318,2_289,0
2_1320,1,2_285,2_289,0
2_1321,1,2_289,2_290,0
2_1322,1,2_288,2_291,0
2_1323,1,2_291,2_292,0
2_1324,1,2_285,2_292,0
2_1325,1,2_290,2_293,0
2_1327,1,2_1326,2_293,0
2_1328,1,2_293,2_294,0
2_1329,1,2_293,2_295,0
2_1332,1,2_281,2_296,0
2_1333,1,2_279,2_296,0
2_1334,1,2_282,2_297,0
2_1335,1,2_294,2_297,0
2_1336,1,2_296,2_298,0
2_1337,1,2_295,2_298,0
2_1338,1,2_298,2_299,0
2_1339,1,2_292,2_299,0
2_1342,1,2_297,2_300,0
2_1344,1,2_1343,2_300,0
2_1345,1,2_726,2_300,0
2_1347,1,2_297,2_301,0
2_1348,1,2_1343,2_301,0
2_1350,1,2_1349,2_301,0
2_1353,1,2_300,2_302,0
2_1354,1,2_299,2_302,0
2_1355,1,2_6,2_303,0
2_1357,1,2_1356,2_303,0
2_1358,1,2_303,2_304,0
2_1359,1,2_303,2_305,0
2_1360,1,2_302,2_306,0
2_1361,1,2_304,2_306,0
2_1362,1,2_306,2_307,0
2_1363,1,2_307,2_308,0
2_1364,1,2_228,2_308,0
2_1366,1,2_1365,2_309,0
2_1367,1,2_305,2_309,0
2_1368,1,2_309,2_310,0
2_1369,1,2_308,2_311,0
2_1370,1,2_311,2_312,0
2_1371,1,2_305,2_312,0
2_1372,1,2_310,2_313,0
2_1374,1,2_1373,2_313,0
2_1375,1,2_313,2_314,0
2_1376,1,2_313,2_315,0
2_1379,1,2_301,2_316,0
2_1380,1,2_299,2_316,0
2_1381,1,2_302,2_317,0
2_1382,1,2_314,2_317,0
2_1383,1,2_316,2_318,0
2_1384,1,2_315,2_318,0
2_1385,1,2_318,2_319,0
2_1386,1,2_312,2_319,0
2_1389,1,2_317,2_320,0
2_1391,1,2_1390,2_320,0
2_1392,1,2_726,2_320,0
2_1394,1,2_317,2_321,0
2_1395,1,2_1390,2_321,0
2_1397,1,2_1396,2_321,0
2_1400,1,2_320,2_322,0
2_1401,1,2_319,2_322,0
2_1402,1,2_6,2_323,0
2_1404,1,2_1403,2_323,0
2_1405,1,2_323,2_324,0
2_1406,1,2_323,2_325,0
2_1407,1,2_322,2_326,0
2_1408,1,2_324,2_326,0
2_1409,1,2_326,2_327,0
2_1410,1,2_327,2_328,0
2_1411,1,2_248,2_328,0
2_1413,1,2_1412,2_329,0
2_1414,1,2_325,2_329,0
2_1415,1,2_329,2_330,0
2_1416,1,2_328,2_331,0
2_1417,1,2_331,2_332,0
2_1418,1,2_325,2_332,0
2_1419,1,2_330,2_333,0
2_1421,1,2_1420,2_333,0
2_1422,1,2_333,2_334,0
2_1423,1,2_333,2_335,0
2_1426,1,2_321,2_336,0
2_1427,1,2_319,2_336,0
2_1428,1,2_322,2_337,0
2_1429,1,2_334,2_337,0
2_1430,1,2_336,2_338,0
2_1431,1,2_335,2_338,0
2_1432,1,2_338,2_339,0
2_1433,1,2_332,2_339,0
2_1436,1,2_337,2_340,0
2_1438,1,2_1437,2_340,0
2_1439,1,2_726,2_340,0
2_1441,1,2_337,2_341,0
2_1442,1,2_1437,2_341,0
2_1444,1,2_1443,2_341,0
2_1447,1,2_340,2_342,0
2_1448,1,2_339,2_342,0
2_1449,1,2_6,2_343,0
2_1451,1,2_1450,2_343,0
2_1452,1,2_343,2_344,0
2_1453,1,2_343,2_345,0
2_1454,1,2_342,2_346,0
2_1455,1,2_344,2_346,0
2_1456,1,2_346,2_347,0
2_1457,1,2_347,2_348,0
2_1458,1,2_268,2_348,0
2_1460,1,2_1459,2_349,0
2_1461,1,2_345,2_349,0
2_1462,1,2_349,2_350,0
2_1463,1,2_348,2_351,0
2_1464,1,2_351,2_352,0
2_1465,1,2_345,2_352,0
2_1466,1,2_350,2_353,0
2_1468,1,2_1467,2_353,0
2_1469,1,2_353,2_354,0
2_1470,1,2_353,2_355,0
2_1473,1,2_341,2_356,0
2_1474,1,2_339,2_356,0
2_1475,1,2_342,2_357,0
2_1476,1,2_354,2_357,0
2_1477,1,2_356,2_358,0
2_1478,1,2_355,2_358,0
2_1479,1,2_358,2_359,0
2_1480,1,2_352,2_359,0
2_1483,1,2_357,2_360,0
2_1485,1,2_1484,2_360,0
2_1486,1,2_726,2_360,0
2_1488,1,2_357,2_361,0
2_1489,1,2_1484,2_361,0
2_1491,1,2_1490,2_361,0
2_1494,1,2_360,2_362,0
2_1495,1,2_359,2_362,0
2_1496,1,2_288,2_363,0
2_1497,1,2_4,2_364,0
2_1498,1,2_689,2_364,0
2_1499,1,2_363,2_364,0
2_1500,1,2_364,2_365,0
2_1501,1,2_6,2_366,0
2_1503,1,2_1502,2_366,0
2_1504,1,2_366,2_367,0
2_1505,1,2_366,2_368,0
2_1506,1,2_362,2_369,0
2_1507,1,2_367,2_369,0
2_1508,1,2_369,2_370,0
2_1509,1,2_365,2_371,0
2_1510,1,2_370,2_371,0
2_1512,1,2_1511,2_372,0
2_1513,1,2_368,2_372,0
2_1514,1,2_372,2_373,0
2_1515,1,2_371,2_374,0
2_1516,1,2_374,2_375,0
2_1517,1,2_368,2_375,0
2_1518,1,2_373,2_376,0
2_1520,1,2_1519,2_376,0
2_1521,1,2_376,2_377,0
2_1522,1,2_376,2_378,0
2_1525,1,2_361,2_379,0
2_1526,1,2_359,2_379,0
2_1527,1,2_362,2_380,0
2_1528,1,2_377,2_380,0
2_1529,1,2_379,2_381,0
2_1530,1,2_378,2_381,0
2_1531,1,2_381,2_382,0
2_1532,1,2_375,2_382,0
2_1535,1,2_380,2_383,0
2_1537,1,2_1536,2_383,0
2_1538,1,2_726,2_383,0
2_1540,1,2_380,2_384,0
2_1541,1,2_1536,2_384,0
2_1543,1,2_1542,2_384,0
2_1546,1,2_383,2_385,0
2_1547,1,2_382,2_385,0
2_1548,1,2_308,2_386,0
2_1549,1,2_4,2_387,0
2_1550,1,2_689,2_387,0
2_1551,1,2_386,2_387,0
2_1552,1,2_387,2_388,0
2_1553,1,2_6,2_389,0
2_1555,1,2_1554,2_389,0
2_1556,1,2_389,2_390,0
2_1557,1,2_389,2_391,0
2_1558,1,2_385,2_392,0
2_1559,1,2_390,2_392,0
2_1560,1,2_392,2_393,0
2_1561,1,2_388,2_394,0
2_1562,1,2_393,2_394,0
2_1564,1,2_1563,2_395,0
2_1565,1,2_391,2_395,0
2_1566,1,2_395,2_396,0
2_1567,1,2_394,2_397,0
2_1568,1,2_397,2_398,0
2_1569,1,2_391,2_398,0
2_1570,1,2_396,2_399,0
2_1572,1,2_1571,2_399,0
2_1573,1,2_399,2_400,0
2_1574,1,2_399,2_401,0
2_1577,1,2_384,2_402,0
2_1578,1,2_382,2_402,0
2_1579,1,2_385,2_403,0
2_1580,1,2_400,2_403,0
2_1581,1,2_402,2_404,0
2_1582,1,2_401,2_404,0
2_1583,1,2_404,2_405,0
2_1584,1,2_398,2_405,0
2_1587,1,2_403,2_406,0
2_1589,1,2_1588,2_406,0
2_1590,1,2_726,2_406,0
2_1592,1,2_403,2_407,0
2_1593,1,2_1588,2_407,0
2_1595,1,2_1594,2_407,0
2_1598,1,2_406,2_408,0
2_1599,1,2_405,2_408,0
2_1600,1,2_328,2_409,0
2_1601,1,2_4,2_410,0
2_1602,1,2_689,2_410,0
2_1603,1,2_409,2_410,0
2_1604,1,2_410,2_411,0
2_1605,1,2_6,2_412,0
2_1607,1,2_1606,2_412,0
2_1608,1,2_412,2_413,0
2_1609,1,2_412,2_414,0
2_1610,1,2_408,2_415,0
2_1611,1,2_413,2_415,0
2_1612,1,2_415,2_416,0
2_1613,1,2_411,2_417,0
2_1614,1,2_416,2_417,0
2_1616,1,2_1615,2_418,0
2_1617,1,2_414,2_418,0
2_1618,1,2_418,2_419,0
2_1619,1,2_417,2_420,0
2_1620,1,2_420,2_421,0
2_1621,1,2_414,2_421,0
2_1622,1,2_419,2_422,0
2_1624,1,2_1623,2_422,0
2_1625,1,2_422,2_423,0
2_1626,1,2_422,2_424,0
2_1629,1,2_407,2_425,0
2_1630,1,2_405,2_425,0
2_1631,1,2_408,2_426,0
2_1632,1,2_423,2_426,0
2_1633,1,2_425,2_427,0
2_1634,1,2_424,2_427,0
2_1635,1,2_427,2_428,0
2_1636,1,2_421,2_428,0
2_1639,1,2_426,2_429,0
2_1641,1,2_1640,2_429,0
2_1642,1,2_726,2_429,0
2_1644,1,2_426,2_430,0
2_1645,1,2_1640,2_430,0
2_1647,1,2_1646,2_430,0
2_1650,1,2_429,2_431,0
2_1651,1,2_428,2_431,0
2_1652,1,2_348,2_432,0
2_1653,1,2_4,2_433,0
2_1654,1,2_689,2_433,0
2_1655,1,2_432,2_433,0
2_1656,1,2_433,2_434,0
2_1657,1,2_6,2_435,0
2_1659,1,2_1658,2_435,0
2_1660,1,2_435,2_436,0
2_1661,1,2_435,2_437,0
2_1662,1,2_431,2_438,0
2_1663,1,2_436,2_438,0
2_1664,1,2_438,2_439,0
2_1665,1,2_434,2_440,0
2_1666,1,2_439,2_440,0
2_1668,1,2_1667,2_441,0
2_1669,1,2_437,2_441,0
2_1670,1,2_441,2_442,0
2_1671,1,2_440,2_443,0
2_1672,1,2_443,2_444,0
2_1673,1,2_437,2_444,0
2_1674,1,2_442,2_445,0
2_1676,1,2_1675,2_445,0
2_1677,1,2_445,2_446,0
2_1678,1,2_445,2_447,0
2_1681,1,2_430,2_448,0
2_1682,1,2_428,2_448,0
2_1683,1,2_431,2_449,0
2_1684,1,2_446,2_449,0
2_1685,1,2_448,2_450,0
2_1686,1,2_447,2_450,0
2_1687,1,2_450,2_451,0
2_1688,1,2_444,2_451,0
2_1691,1,2_449,2_452,0
2_1693,1,2_1692,2_452,0
2_1694,1,2_726,2_452,0
2_1696,1,2_449,2_453,0
2_1697,1,2_1692,2_453,0
2_1699,1,2_1698,2_453,0
2_1702,1,2_452,2_454,0
2_1703,1,2_451,2_454,0
2_1704,1,2_6,2_455,0
2_1706,1,2_1705,2_455,0
2_1707,1,2_455,2_456,0
2_1708,1,2_455,2_457,0
2_1709,1,2_454,2_458,0
2_1710,1,2_456,2_458,0
2_1711,1,2_458,2_459,0
2_1712,1,2_459,2_460,0
2_1713,1,2_371,2_460,0
2_1715,1,2_1714,2_461,0
2_1716,1,2_457,2_461,0
2_1717,1,2_461,2_462,0
2_1718,1,2_460,2_463,0
2_1719,1,2_463,2_464,0
2_1720,1,2_457,2_464,0
2_1721,1,2_462,2_465,0
2_1723,1,2_1722,2_465,0
2_1724,1,2_465,2_466,0
2_1725,1,2_465,2_467,0
2_1728,1,2_453,2_468,0
2_1729,1,2_451,2_468,0
2_1730,1,2_454,2_469,0
2_1731,1,2_466,2_469,0
2_1732,1,2_468,2_470,0
2_1733,1,2_467,2_470,0
2_1734,1,2_470,2_471,0
2_1735,1,2_464,2_471,0
2_1738,1,2_469,2_472,0
2_1740,1,2_1739,2_472,0
2_1741,1,2_726,2_472,0
2_1743,1,2_469,2_473,0
2_1744,1,2_1739,2_473,0
2_1746,1,2_1745,2_473,0
2_1749,1,2_472,2_474,0
2_1750,1,2_471,2_474,0
2_1751,1,2_6,2_475,0
2_1753,1,2_1752,2_475,0
2_1754,1,2_475,2_476,0
2_1755,1,2_475,2_477,0
2_1756,1,2_474,2_478,0
2_1757,1,2_476,2_478,0
2_1758,1,2_478,2_479,0
2_1759,1,2_479,2_480,0
2_1760,1,2_394,2_480,0
2_1762,1,2_1761,2_481,0
2_1763,1,2_477,2_481,0
2_1764,1,2_481,2_482,0
2_1765,1,2_480,2_483,0
2_1766,1,2_483,2_484,0
2_1767,1,2_477,2_484,0
2_1768,1,2_482,2_485,0
2_1770,1,2_1769,2_485,0
2_1771,1,2_485,2_486,0
2_1772,1,2_485,2_487,0
2_1775,1,2_473,2_488,0
2_1776,1,2_471,2_488,0
2_1777,1,2_474,2_489,0
2_1778,1,2_486,2_489,0
2_1779,1,2_488,2_490,0
2_1780,1,2_487,2_490,0
2_1781,1,2_490,2_491,0
2_1782,1,2_484,2_491,0
2_1785,1,2_489,2_492,0
2_1787,1,2_1786,2_492,0
2_1788,1,2_726,2_492,0
2_1790,1,2_489,2_493,0
2_1791,1,2_1786,2_493,0
2_1793,1,2_1792,2_493,0
2_1796,1,2_492,2_494,0
2_1797,1,2_491,2_494,0
2_1798,1,2_6,2_495,0
2_1800,1,2_1799,2_495,0
2_1801,1,2_495,2_496,0
2_1802,1,2_495,2_497,0
2_1803,1,2_494,2_498,0
2_1804,1,2_496,2_498,0
2_1805,1,2_498,2_499,0
2_1806,1,2_499,2_500,0
2_1807,1,2_417,2_500,0
2_1809,1,2_1808,2_501,0
2_1810,1,2_497,2_501,0
2_1811,1,2_501,2_502,0
2_1812,1,2_500,2_503,0
2_1813,1,2_503,2_504,0
2_1814,1,2_497,2_504,0
2_1815,1,2_502,2_505,0
2_1817,1,2_1816,2_505,0
2_1818,1,2_505,2_506,0
2_1819,1,2_505,2_507,0
2_1822,1,2_493,2_508,0
2_1823,1,2_491,2_508,0
2_1824,1,2_494,2_509,0
2_1825,1,2_506,2_509,0
2_1826,1,2_508,2_510,0
2_1827,1,2_507,2_510,0
2_1828,1,2_510,2_511,0
2_1829,1,2_504,2_511,0
2_1832,1,2_509,2_512,0
2_1834,1,2_1833,2_512,0
2_1835,1,2_726,2_512,0
2_1837,1,2_509,2_513,0
2_1838,1,2_1833,2_513,0
2_1840,1,2_1839,2_513,0
2_1843,1,2_512,2_514,0
2_1844,1,2_511,2_514,0
2_1845,1,2_6,2_515,0
2_1847,1,2_1846,2_515,0
2_1848,1,2_515,2_516,0
2_1849,1,2_515,2_517,0
2_1850,1,2_514,2_518,0
2_1851,1,2_516,2_518,0
2_1852,1,2_518,2_519,0
2_1853,1,2_519,2_520,0
2_1854,1,2_440,2_520,0
2_1856,1,2_1855,2_521,0
2_1857,1,2_517,2_521,0
2_1858,1,2_521,2_522,0
2_1859,1,2_520,2_523,0
2_1860,1,2_523,2_524,0
2_1861,1,2_517,2_524,0
2_1862,1,2_522,2_525,0
2_1864,1,2_1863,2_525,0
2_1865,1,2_525,2_526,0
2_1866,1,2_525,2_527,0
2_1869,1,2_513,2_528,0
2_1870,1,2_511,2_528,0
2_1871,1,2_514,2_529,0
2_1872,1,2_526,2_529,0
2_1873,1,2_528,2_530,0
2_1874,1,2_527,2_530,0
2_1875,1,2_530,2_531,0
2_1876,1,2_524,2_531,0
2_1879,1,2_529,2_532,0
2_1881,1,2_1880,2_532,0
2_1882,1,2_726,2_532,0
2_1884,1,2_529,2_533,0
2_1885,1,2_1880,2_533,0
2_1887,1,2_1886,2_533,0
2_1890,1,2_532,2_534,0
2_1891,1,2_531,2_534,0
2_1892,1,2_6,2_535,0
2_1894,1,2_1893,2_535,0
2_1895,1,2_535,2_536,0
2_1896,1,2_535,2_537,0
2_1897,1,2_534,2_538,0
2_1898,1,2_536,2_538,0
2_1899,1,2_538,2_539,0
2_1900,1,2_539,2_540,0
2_1901,1,2_460,2_540,0
2_1903,1,2_1902,2_541,0
2_1904,1,2_537,2_541,0
2_1905,1,2_541,2_542,0
2_1906,1,2_540,2_543,0
2_1907,1,2_543,2_544,0
2_1908,1,2_537,2_544,0
2_1909,1,2_542,2_545,0
2_1911,1,2_1910,2_545,0
2_1912,1,2_545,2_546,0
2_1913,1,2_545,2_547,0
2_1916,1,2_533,2_548,0
2_1917,1,2_531,2_548,0
2_1918,1,2_534,2_549,0
2_1919,1,2_546,2_549,0
2_1920,1,2_548,2_550,0
2_1921,1,2_547,2_550,0
2_1922,1,2_550,2_551,0
2_1923,1,2_544,2_551,0
2_1926,1,2_549,2_552,0
2_1928,1,2_1927,2_552,0
2_1929,1,2_726,2_552,0
2_1931,1,2_549,2_553,0
2_1932,1,2_1927,2_553,0
2_1934,1,2_1933,2_553,0
2_1937,1,2_552,2_554,0
2_1938,1,2_551,2_554,0
2_1939,1,2_6,2_555,0
2_1941,1,2_1940,2_555,0
2_1942,1,2_555,2_556,0
2_1943,1,2_555,2_557,0
2_1944,1,2_554,2_558,0
2_1945,1,2_556,2_558,0
2_1946,1,2_558,2_559,0
2_1947,1,2_559,2_560,0
2_1948,1,2_480,2_560,0
2_1950,1,2_1949,2_561,0
2_1951,1,2_557,2_561,0
2_1952,1,2_561,2_562,0
2_1953,1,2_560,2_563,0
2_1954,1,2_563,2_564,0
2_1955,1,2_557,2_564,0
2_1956,1,2_562,2_565,0
2_1958,1,2_1957,2_565,0
2_1959,1,2_565,2_566,0
2_1960,1,2_565,2_567,0
2_1963,1,2_553,2_568,0
2_1964,1,2_551,2_568,0
2_1965,1,2_554,2_569,0
2_1966,1,2_566,2_569,0
2_1967,1,2_568,2_570,0
2_1968,1,2_567,2_570,0
2_1969,1,2_570,2_571,0
2_1970,1,2_564,2_571,0
2_1973,1,2_569,2_572,0
2_1975,1,2_1974,2_572,0
2_1976,1,2_726,2_572,0
2_1978,1,2_569,2_573,0
2_1979,1,2_1974,2_573,0
2_1981,1,2_1980,2_573,0
2_1984,1,2_572,2_574,0
2_1985,1,2_571,2_574,0
2_1986,1,2_6,2_575,0
2_1988,1,2_1987,2_575,0
2_1989,1,2_575,2_576,0
2_1990,1,2_575,2_577,0
2_1991,1,2_574,2_578,0
2_1992,1,2_576,2_578,0
2_1993,1,2_578,2_579,0
2_1994,1,2_579,2_580,0
2_1995,1,2_500,2_580,0
2_1997,1,2_1996,2_581,0
2_1998,1,2_577,2_581,0
2_1999,1,2_581,2_582,0
2_2000,1,2_580,2_583,0
2_2001,1,2_583,2_584,0
2_2002,1,2_577,2_584,0
2_2003,1,2_582,2_585,0
2_2005,1,2_2004,2_585,0
2_2006,1,2_585,2_586,0
2_2007,1,2_585,2_587,0
2_2010,1,2_573,2_588,0
2_2011,1,2_571,2_588,0
2_2012,1,2_574,2_589,0
2_2013,1,2_586,2_589,0
2_2014,1,2_588,2_590,0
2_2015,1,2_587,2_590,0
2_2016,1,2_590,2_591,0
2_2017,1,2_584,2_591,0
2_2020,1,2_589,2_592,0
2_2022,1,2_2021,2_592,0
2_2023,1,2_726,2_592,0
2_2025,1,2_589,2_593,0
2_2026,1,2_2021,2_593,0
2_2028,1,2_2027,2_593,0
2_2031,1,2_592,2_594,0
2_2032,1,2_591,2_594,0
2_2033,1,2_6,2_595,0
2_2035,1,2_2034,2_595,0
2_2036,1,2_595,2_596,0
2_2037,1,2_595,2_597,0
2_2038,1,2_594,2_598,0
2_2039,1,2_596,2_598,0
2_2040,1,2_598,2_599,0
2_2041,1,2_599,2_600,0
2_2042,1,2_520,2_600,0
2_2044,1,2_2043,2_601,0
2_2045,1,2_597,2_601,0
2_2046,1,2_601,2_602,0
2_2047,1,2_600,2_603,0
2_2048,1,2_603,2_604,0
2_2049,1,2_597,2_604,0
2_2050,1,2_602,2_605,0
2_2052,1,2_2051,2_605,0
2_2053,1,2_605,2_606,0
2_2054,1,2_605,2_607,0
2_2057,1,2_593,2_608,0
2_2058,1,2_591,2_608,0
2_2059,1,2_594,2_609,0
2_2060,1,2_606,2_609,0
2_2061,1,2_608,2_610,0
2_2062,1,2_607,2_610,0
2_2063,1,2_610,2_611,0
2_2064,1,2_604,2_611,0
2_2067,1,2_609,2_612,0
2_2069,1,2_2068,2_612,0
2_2070,1,2_726,2_612,0
2_2072,1,2_609,2_613,0
2_2073,1,2_2068,2_613,0
2_2075,1,2_2074,2_613,0
2_2078,1,2_612,2_614,0
2_2079,1,2_611,2_614,0
2_2080,1,2_540,2_615,0
2_2081,1,2_95,2_615,0
2_2083,1,2_2082,2_616,0
2_2084,1,2_93,2_616,0
2_2085,1,2_616,2_617,0
2_2086,1,2_615,2_618,0
2_2087,1,2_618,2_619,0
2_2088,1,2_93,2_619,0
2_2089,1,2_617,2_620,0
2_2091,1,2_2090,2_620,0
2_2092,1,2_620,2_621,0
2_2093,1,2_620,2_622,0
2_2096,1,2_613,2_623,0
2_2097,1,2_611,2_623,0
2_2098,1,2_614,2_624,0
2_2099,1,2_621,2_624,0
2_2100,1,2_623,2_625,0
2_2101,1,2_622,2_625,0
2_2102,1,2_625,2_626,0
2_2103,1,2_619,2_626,0
2_2106,1,2_624,2_627,0
2_2108,1,2_2107,2_627,0
2_2109,1,2_726,2_627,0
2_2111,1,2_624,2_628,0
2_2112,1,2_2107,2_628,0
2_2114,1,2_2113,2_628,0
2_2117,1,2_627,2_629,0
2_2118,1,2_626,2_629,0
2_2119,1,2_560,2_630,0
2_2120,1,2_12,2_630,0
2_2122,1,2_2121,2_631,0
2_2123,1,2_10,2_631,0
2_2124,1,2_631,2_632,0
2_2125,1,2_630,2_633,0
2_2126,1,2_633,2_634,0
2_2127,1,2_10,2_634,0
2_2128,1,2_632,2_635,0
2_2130,1,2_2129,2_635,0
2_2131,1,2_635,2_636,0
2_2132,1,2_635,2_637,0
2_2135,1,2_628,2_638,0
2_2136,1,2_626,2_638,0
2_2137,1,2_629,2_639,0
2_2138,1,2_636,2_639,0
2_2139,1,2_638,2_640,0
2_2140,1,2_637,2_640,0
2_2141,1,2_640,2_641,0
2_2142,1,2_634,2_641,0
2_2145,1,2_639,2_642,0
2_2147,1,2_2146,2_642,0
2_2148,1,2_726,2_642,0
2_2150,1,2_639,2_643,0
2_2151,1,2_2146,2_643,0
2_2153,1,2_2152,2_643,0
2_2156,1,2_642,2_644,0
2_2157,1,2_641,2_644,0
2_2158,1,2_580,2_645,0
2_2159,1,2_40,2_645,0
2_2161,1,2_2160,2_646,0
2_2162,1,2_38,2_646,0
2_2163,1,2_646,2_647,0
2_2164,1,2_645,2_648,0
2_2165,1,2_648,2_649,0
2_2166,1,2_38,2_649,0
2_2167,1,2_647,2_650,0
2_2169,1,2_2168,2_650,0
2_2170,1,2_650,2_651,0
2_2171,1,2_650,2_652,0
2_2174,1,2_643,2_653,0
2_2175,1,2_641,2_653,0
2_2176,1,2_644,2_654,0
2_2177,1,2_651,2_654,0
2_2178,1,2_653,2_655,0
2_2179,1,2_652,2_655,0
2_2180,1,2_655,2_656,0
2_2181,1,2_649,2_656,0
2_2183,1,2_654,2_657,0
2_2185,1,2_2184,2_657,0
2_2186,1,2_726,2_657,0
2_2189,1,2_657,2_658,0
2_2190,1,2_656,2_658,0
2_2191,1,2_600,2_659,0
2_2192,1,2_67,2_659,0
2_2194,1,2_2193,2_660,0
2_2195,1,2_65,2_660,0
2_2196,1,2_659,2_661,0
2_2197,1,2_661,2_662,0
2_2198,1,2_65,2_662,0
2_2199,1,2_660,2_663,0
2_2201,1,2_2200,2_663,0
2_2202,1,2_658,2_664,0
2_2203,1,2_663,2_664,0
2_2204,1,2_664,2_665,0
2_2205,1,2_662,2_665,0
2_2207,1,2_2206,2_666,0
2_2208,1,2_665,2_666,0
2_2209,1,2_666,2_667,0
2_2210,1,2_122,2_667,0
2_2211,1,2_667,2_668,0
3_38,1,3_37,3_5,0
3_39,1,3_37,3_6,0
3_40,1,3_37,3_7,0
3_43,1,3_1,3_8,0
3_44,1,3_8,3_9,0
3_45,1,3_7,3_9,0
3_47,1,3_46,3_10,0
3_48,1,3_6,3_10,0
3_50,1,3_49,3_11,0
3_51,1,3_5,3_11,0
3_52,2,3_18,3_12,0
3_53,1,3_7,3_33,0
3_56,1,3_3,3_34,0
3_57,1,3_33,3_34,0
3_58,1,3_5,3_14,0
3_59,1,3_14,3_15,0
3_61,1,3_60,3_15,0
3_62,1,3_15,3_17,0
3_63,2,3_32,3_17,0
3_64,2,3_36,3_17,0
3_65,1,3_6,3_19,0
3_66,1,3_7,3_20,0
3_68,1,3_67,3_23,0
3_69,1,3_20,3_23,0
3_71,1,3_70,3_23,0
3_72,1,3_19,3_23,0
3_73,1,3_23,3_24,0
3_75,1,3_2,3_25,0
3_76,1,3_24,3_25,0
3_77,1,3_23,3_26,0
3_78,1,3_14,3_27,0
3_79,1,3_49,3_27,0
3_80,1,3_24,3_28,0
3_81,1,3_7,3_28,0
3_82,1,3_26,3_29,0
3_83,1,3_6,3_29,0
3_84,1,3_27,3_30,0
3_85,1,3_5,3_30,0
3_86,2,3_18,3_31,0
3_87,1,3_4,3_23,0
3_108,2,3_13,3_18,0
3_109,2,3_18,3_36,0
3_110,2,3_18,3_32,0
3_111,2,3_32,3_18,1
3_112,4,3_20,3_28,0
3_113,4,3_19,3_29,0
3_114,4,3_11,3_14,0
3_115,4,3_9,3_33,0
3_116,4,3_9,3_20,0
3_117,4,3_9,3_28,0
3_118,4,3_10,3_19,0
3_119,4,3_10,3_29,0
3_120,4,3_11,3_30,0
3_121,4,3_14,3_30,0
3_2147483647,1,3_29,3_19,1
4_49,1,4_48,4_6,0
4_50,1,4_48,4_7,0
4_52,1,4_51,4_10,0
4_53,1,4_7,4_10,0
4_55,1,4_54,4_11,0
4_56,1,4_6,4_11,0
4_57,2,4_18,4_12,0
4_58,1,4_7,4_44,0
4_61,1,4_4,4_45,0
4_62,1,4_44,4_45,0
4_63,1,4_6,4_14,0
4_64,1,4_14,4_15,0
4_66,1,4_65,4_15,0
4_67,1,4_15,4_17,0
4_68,2,4_27,4_17,0
4_69,2,4_47,4_17,0
4_70,1,4_14,4_40,0
4_71,1,4_54,4_40,0
4_72,1,4_40,4_41,0
4_73,1,4_6,4_41,0
4_74,2,4_18,4_42,0
4_76,1,4_75,4_37,0
4_77,1,4_1,4_37,0
4_78,1,4_2,4_37,0
4_79,1,4_25,4_37,0
4_81,1,4_80,4_37,0
4_82,2,4_43,4_38,0
4_84,1,4_83,4_21,0
4_85,1,4_1,4_21,0
4_86,1,4_2,4_21,0
4_88,1,4_87,4_22,0
4_89,1,4_1,4_22,0
4_90,1,4_2,4_22,0
4_92,1,4_91,4_23,0
4_93,1,4_1,4_23,0
4_94,1,4_2,4_23,0
4_95,1,4_14,4_24,0
4_98,1,4_3,4_25,0
4_99,1,4_24,4_26,0
4_100,2,4_36,4_26,0
4_101,2,4_39,4_26,0
4_102,1,4_7,4_28,0
4_104,1,4_103,4_29,0
4_105,1,4_25,4_29,0
4_107,1,4_106,4_29,0
4_108,1,4_28,4_29,0
4_109,1,4_29,4_30,0
4_112,1,4_3,4_31,0
4_113,1,4_30,4_31,0
4_114,1,4_29,4_32,0
4_115,1,4_75,4_33,0
4_116,1,4_1,4_33,0
4_117,1,4_2,4_33,0
4_118,1,4_30,4_33,0
4_120,1,4_119,4_33,0
4_121,1,4_32,4_34,0
4_122,1,4_7,4_34,0
4_123,2,4_43,4_35,0
4_124,1,4_5,4_21,0
4_125,1,4_5,4_29,0
4_186,2,4_13,4_18,0
4_187,2,4_18,4_47,0
4_188,2,4_18,4_27,0
4_189,2,4_27,4_39,0
4_190,2,4_27,4_36,0
4_191,2,4_36,4_43,0
4_192,2,4_39,4_43,0
4_193,2,4_43,4_18,1
4_194,4,4_22,4_23,0
4_195,4,4_21,4_22,0
4_196,4,4_21,4_37,0
4_197,4,4_22,4_37,0
4_198,4,4_23,4_37,0
4_199,4,4_21,4_33,0
4_200,4,4_22,4_33,0
4_201,4,4_23,4_33,0
4_202,4,4_28,4_34,0
4_203,4,4_11,4_14,0
4_204,4,4_10,4_44,0
4_205,4,4_10,4_28,0
4_206,4,4_10,4_34,0
4_207,4,4_11,4_41,0
4_208,4,4_14,4_41,0
4_209,4,4_25,4_31,0
4_210,4,4_21,4_22,0
4_211,4,4_22,4_23,0
4_212,4,4_21,4_37,0
4_213,4,4_22,4_37,0
4_214,4,4_23,4_37,0
4_215,4,4_21,4_33,0
4_216,4,4_22,4_33,0
4_217,4,4_23,4_33,0
4_2147483647,1,4_31,4_25,1
5_61,1,5_60,5_2,0
5_63,1,5_62,5_4,0
5_64,1,5_2,5_4,0
5_65,2,5_12,5_5,0
5_66,1,5_2,5_7,0
5_69,1,5_7,5_9,0
5_71,1,5_70,5_9,0
5_72,1,5_9,5_11,0
5_73,2,5_57,5_11,0
5_74,2,5_59,5_11,0
5_75,1,5_7,5_13,0
5_76,1,5_7,5_14,0
5_77,1,5_14,5_16,0
5_79,1,5_78,5_16,0
5_80,1,5_16,5_17,0
5_81,1,5_1,5_18,0
5_83,1,5_82,5_18,0
5_84,1,5_17,5_18,0
5_85,1,5_18,5_19,0
5_86,1,5_1,5_20,0
5_87,1,5_82,5_20,0
5_88,1,5_13,5_20,0
5_89,1,5_20,5_21,0
5_90,1,5_21,5_22,0
5_91,1,5_19,5_22,0
5_92,1,5_22,5_23,0
5_93,1,5_20,5_23,0
5_94,1,5_14,5_24,0
5_96,1,5_95,5_24,0
5_97,1,5_24,5_25,0
5_98,1,5_1,5_26,0
5_99,1,5_82,5_26,0
5_100,1,5_25,5_26,0
5_101,1,5_26,5_27,0
5_102,1,5_14,5_28,0
5_104,1,5_103,5_28,0
5_105,1,5_28,5_29,0
5_106,1,5_1,5_30,0
5_107,1,5_82,5_30,0
5_108,1,5_29,5_30,0
5_109,1,5_30,5_31,0
5_110,1,5_31,5_32,0
5_111,1,5_27,5_32,0
5_112,1,5_32,5_33,0
5_113,1,5_30,5_33,0
5_114,1,5_14,5_34,0
5_116,1,5_115,5_34,0
5_117,1,5_34,5_35,0
5_118,1,5_1,5_36,0
5_119,1,5_82,5_36,0
5_120,1,5_35,5_36,0
5_121,1,5_36,5_37,0
5_122,1,5_14,5_38,0
5_124,1,5_123,5_38,0
5_125,1,5_38,5_39,0
5_126,1,5_1,5_40,0
5_127,1,5_82,5_40,0
5_128,1,5_39,5_40,0
5_129,1,5_40,5_41,0
5_130,1,5_41,5_42,0
5_131,1,5_37,5_42,0
5_132,1,5_42,5_43,0
5_133,1,5_40,5_43,0
5_134,1,5_14,5_44,0
5_136,1,5_135,5_44,0
5_137,1,5_44,5_45,0
5_138,1,5_1,5_46,0
5_139,1,5_82,5_46,0
5_140,1,5_45,5_46,0
5_141,1,5_46,5_47,0
5_142,1,5_14,5_48,0
5_144,1,5_143,5_48,0
5_145,1,5_48,5_49,0
5_146,1,5_1,5_50,0
5_147,1,5_82,5_50,0
5_148,1,5_49,5_50,0
5_149,1,5_50,5_51,0
5_150,1,5_51,5_52,0
5_151,1,5_47,5_52,0
5_152,1,5_52,5_53,0
5_153,1,5_50,5_53,0
5_154,1,5_7,5_54,0
5_155,1,5_62,5_54,0
5_156,1,5_54,5_55,0
5_157,1,5_2,5_55,0
5_158,2,5_12,5_56,0
5_201,2,5_6,5_12,0
5_202,2,5_12,5_59,0
5_203,2,5_12,5_57,0
5_204,2,5_57,5_12,1
5_205,4,5_51,5_53,0
5_206,4,5_41,5_43,0
5_207,4,5_31,5_33,0
5_208,4,5_21,5_23,0
5_209,4,5_4,5_7,0
5_210,4,5_4,5_55,0
5_211,4,5_7,5_55,0
5_2147483647,1,5_23,5_19,1
6_37,1,6_1,6_5,0
6_39,1,6_38,6_5,0
6_41,1,6_40,6_5,0
6_42,1,6_5,6_6,0
6_43,1,6_6,6_7,0
6_46,1,6_6,6_8,0
6_48,1,6_47,6_8,0
6_50,1,6_49,6_8,0
6_51,1,6_2,6_9,0
6_52,1,6_38,6_9,0
6_53,1,6_40,6_9,0
6_54,1,6_9,6_10,0
6_55,1,6_10,6_11,0
6_58,1,6_11,6_12,0
6_59,1,6_8,6_12,0
6_60,1,6_12,6_13,0
6_61,1,6_5,6_13,0
6_63,1,6_10,6_14,0
6_64,1,6_47,6_14,0
6_65,1,6_49,6_14,0
6_67,1,6_7,6_15,0
6_68,1,6_14,6_15,0
6_69,1,6_15,6_16,0
6_70,1,6_9,6_16,0
6_71,1,6_2,6_17,0
6_72,1,6_38,6_17,0
6_74,1,6_73,6_17,0
6_75,1,6_17,6_18,0
6_76,1,6_1,6_19,0
6_77,1,6_38,6_19,0
6_78,1,6_73,6_19,0
6_79,1,6_19,6_20,0
6_80,1,6_1,6_21,0
6_81,1,6_38,6_21,0
6_83,1,6_82,6_21,0
6_84,1,6_21,6_22,0
6_85,1,6_22,6_23,0
6_86,1,6_2,6_24,0
6_87,1,6_38,6_24,0
6_88,1,6_82,6_24,0
6_89,1,6_24,6_25,0
6_91,1,6_25,6_26,0
6_92,1,6_47,6_26,0
6_93,1,6_49,6_26,0
6_94,1,6_25,6_27,0
6_96,1,6_22,6_28,0
6_97,1,6_47,6_28,0
6_98,1,6_49,6_28,0
6_100,1,6_27,6_29,0
6_101,1,6_28,6_29,0
6_102,1,6_29,6_30,0
6_103,1,6_24,6_30,0
6_105,1,6_23,6_31,0
6_106,1,6_26,6_31,0
6_107,1,6_31,6_32,0
6_108,1,6_21,6_32,0
6_109,1,6_20,6_33,0
6_110,1,6_17,6_33,0
6_111,1,6_18,6_34,0
6_112,1,6_19,6_34,0
6_156,4,6_25,6_30,0
6_157,4,6_22,6_32,0
6_158,4,6_20,6_34,0
6_159,4,6_18,6_33,0
6_160,4,6_10,6_16,0
6_161,4,6_6,6_13,0
6_2147483647,1,6_13,6_6,1
7_41,1,7_40,7_7,0
7_42,1,7_40,7_8,0
7_43,1,7_40,7_9,0
7_46,1,7_1,7_21,0
7_48,1,7_47,7_22,0
7_49,1,7_21,7_22,0
7_50,1,7_2,7_22,0
7_51,1,7_3,7_22,0
7_52,1,7_9,7_22,0
7_53,1,7_9,7_23,0
7_56,1,7_1,7_24,0
7_57,1,7_23,7_24,0
7_59,1,7_58,7_25,0
7_60,1,7_23,7_25,0
7_61,1,7_1,7_25,0
7_62,1,7_8,7_25,0
7_63,1,7_8,7_26,0
7_65,1,7_64,7_27,0
7_66,1,7_4,7_27,0
7_67,1,7_5,7_27,0
7_68,1,7_26,7_27,0
7_70,1,7_1,7_28,0
7_71,1,7_27,7_28,0
7_73,1,7_72,7_29,0
7_74,1,7_4,7_29,0
7_75,1,7_5,7_29,0
7_76,1,7_1,7_29,0
7_77,1,7_7,7_29,0
7_78,1,7_7,7_30,0
7_80,1,7_79,7_31,0
7_81,1,7_4,7_31,0
7_82,1,7_5,7_31,0
7_84,1,7_83,7_32,0
7_85,1,7_4,7_32,0
7_86,1,7_5,7_32,0
7_88,1,7_1,7_33,0
7_90,1,7_89,7_34,0
7_91,1,7_33,7_34,0
7_93,1,7_92,7_34,0
7_94,1,7_30,7_34,0
7_95,1,7_34,7_35,0
7_97,1,7_1,7_36,0
7_98,1,7_35,7_36,0
7_100,1,7_99,7_37,0
7_101,1,7_4,7_37,0
7_102,1,7_5,7_37,0
7_103,1,7_35,7_37,0
7_105,1,7_104,7_37,0
7_106,1,7_6,7_25,0
7_107,1,7_6,7_29,0
7_108,1,7_6,7_31,0
7_109,1,7_6,7_34,0
7_226,4,7_32,7_37,0
7_227,4,7_31,7_32,0
7_228,4,7_29,7_31,0
7_229,4,7_29,7_34,0
7_230,4,7_27,7_29,0
7_231,4,7_25,7_29,0
7_232,4,7_33,7_36,0
7_233,4,7_29,7_30,0
7_234,4,7_29,7_33,0
7_235,4,7_29,7_36,0
7_236,4,7_28,7_29,0
7_237,4,7_25,7_26,0
7_238,4,7_25,7_28,0
7_239,4,7_24,7_25,0
7_240,4,7_22,7_23,0
7_241,4,7_21,7_24,0
8_171,1,8_1,8_5,0
8_173,1,8_172,8_5,0
8_174,1,8_172,8_5,0
8_175,1,8_5,8_6,0
8_176,1,8_6,8_7,0
8_177,1,8_1,8_8,0
8_178,1,8_172,8_8,0
8_180,1,8_179,8_8,0
8_181,1,8_8,8_9,0
8_182,1,8_9,8_10,0
8_183,1,8_1,8_11,0
8_184,1,8_172,8_11,0
8_186,1,8_185,8_11,0
8_187,1,8_11,8_12,0
8_188,1,8_12,8_13,0
8_189,1,8_1,8_14,0
8_190,1,8_172,8_14,0
8_192,1,8_191,8_14,0
8_193,1,8_14,8_15,0
8_194,1,8_15,8_16,0
8_195,1,8_10,8_17,0
8_196,1,8_7,8_17,0
8_197,1,8_13,8_18,0
8_198,1,8_17,8_18,0
8_199,1,8_16,8_19,0
8_200,1,8_18,8_19,0
8_203,1,8_17,8_20,0
8_205,1,8_204,8_20,0
8_206,1,8_17,8_21,0
8_208,1,8_207,8_21,0
8_209,1,8_21,8_22,0
8_211,1,8_210,8_22,0
8_212,1,8_20,8_23,0
8_213,1,8_22,8_23,0
8_214,1,8_21,8_23,0
8_215,1,8_7,8_24,0
8_216,1,8_19,8_24,0
8_217,1,8_24,8_25,0
8_218,1,8_23,8_25,0
8_219,1,8_13,8_26,0
8_220,1,8_10,8_26,0
8_222,1,8_26,8_27,0
8_223,1,8_204,8_27,0
8_224,1,8_26,8_28,0
8_225,1,8_207,8_28,0
8_226,1,8_28,8_29,0
8_227,1,8_210,8_29,0
8_228,1,8_27,8_30,0
8_229,1,8_29,8_30,0
8_230,1,8_28,8_30,0
8_231,1,8_10,8_31,0
8_232,1,8_30,8_31,0
8_233,1,8_31,8_32,0
8_234,1,8_19,8_32,0
8_235,1,8_16,8_33,0
8_236,1,8_13,8_33,0
8_238,1,8_33,8_34,0
8_239,1,8_204,8_34,0
8_240,1,8_33,8_35,0
8_241,1,8_207,8_35,0
8_242,1,8_35,8_36,0
8_243,1,8_210,8_36,0
8_244,1,8_34,8_37,0
8_245,1,8_36,8_37,0
8_246,1,8_35,8_37,0
8_247,1,8_17,8_38,0
8_248,1,8_37,8_38,0
8_249,1,8_38,8_39,0
8_250,1,8_16,8_39,0
8_251,1,8_16,8_40,0
8_252,1,8_7,8_40,0
8_254,1,8_40,8_41,0
8_255,1,8_204,8_41,0
8_256,1,8_40,8_42,0
8_257,1,8_207,8_42,0
8_258,1,8_42,8_43,0
8_259,1,8_210,8_43,0
8_260,1,8_41,8_44,0
8_261,1,8_43,8_44,0
8_262,1,8_42,8_44,0
8_263,1,8_44,8_45,0
8_264,1,8_18,8_45,0
8_267,1,8_6,8_46,0
8_269,1,8_268,8_46,0
8_271,1,8_270,8_46,0
8_273,1,8_9,8_47,0
8_274,1,8_268,8_47,0
8_275,1,8_270,8_47,0
8_277,1,8_12,8_48,0
8_278,1,8_268,8_48,0
8_279,1,8_270,8_48,0
8_281,1,8_15,8_49,0
8_282,1,8_268,8_49,0
8_283,1,8_270,8_49,0
8_284,1,8_47,8_50,0
8_285,1,8_46,8_50,0
8_286,1,8_50,8_51,0
8_287,1,8_48,8_51,0
8_288,1,8_51,8_52,0
8_289,1,8_49,8_52,0
8_291,1,8_50,8_53,0
8_292,1,8_204,8_53,0
8_293,1,8_50,8_54,0
8_294,1,8_207,8_54,0
8_295,1,8_54,8_55,0
8_296,1,8_210,8_55,0
8_297,1,8_53,8_56,0
8_298,1,8_55,8_56,0
8_299,1,8_54,8_56,0
8_300,1,8_46,8_57,0
8_301,1,8_56,8_57,0
8_302,1,8_57,8_58,0
8_303,1,8_52,8_58,0
8_306,1,8_58,8_59,0
8_307,1,8_25,8_59,0
8_308,1,8_59,8_60,0
8_309,1,8_5,8_60,0
8_310,1,8_48,8_61,0
8_311,1,8_47,8_61,0
8_313,1,8_61,8_62,0
8_314,1,8_204,8_62,0
8_315,1,8_61,8_63,0
8_316,1,8_207,8_63,0
8_317,1,8_63,8_64,0
8_318,1,8_210,8_64,0
8_319,1,8_62,8_65,0
8_320,1,8_64,8_65,0
8_321,1,8_63,8_65,0
8_322,1,8_47,8_66,0
8_323,1,8_65,8_66,0
8_324,1,8_66,8_67,0
8_325,1,8_52,8_67,0
8_327,1,8_67,8_68,0
8_328,1,8_32,8_68,0
8_329,1,8_68,8_69,0
8_330,1,8_8,8_69,0
8_331,1,8_49,8_70,0
8_332,1,8_48,8_70,0
8_334,1,8_70,8_71,0
8_335,1,8_204,8_71,0
8_336,1,8_70,8_72,0
8_337,1,8_207,8_72,0
8_338,1,8_72,8_73,0
8_339,1,8_210,8_73,0
8_340,1,8_71,8_74,0
8_341,1,8_73,8_74,0
8_342,1,8_72,8_74,0
8_343,1,8_50,8_75,0
8_344,1,8_74,8_75,0
8_345,1,8_75,8_76,0
8_346,1,8_49,8_76,0
8_348,1,8_76,8_77,0
8_349,1,8_39,8_77,0
8_350,1,8_77,8_78,0
8_351,1,8_11,8_78,0
8_352,1,8_49,8_79,0
8_353,1,8_46,8_79,0
8_355,1,8_79,8_80,0
8_356,1,8_204,8_80,0
8_357,1,8_79,8_81,0
8_358,1,8_207,8_81,0
8_359,1,8_81,8_82,0
8_360,1,8_210,8_82,0
8_361,1,8_80,8_83,0
8_362,1,8_82,8_83,0
8_363,1,8_81,8_83,0
8_364,1,8_83,8_84,0
8_365,1,8_51,8_84,0
8_367,1,8_84,8_85,0
8_368,1,8_45,8_85,0
8_369,1,8_85,8_86,0
8_370,1,8_14,8_86,0
8_371,1,8_2,8_87,0
8_372,1,8_172,8_87,0
8_373,1,8_172,8_87,0
8_374,1,8_87,8_88,0
8_375,1,8_88,8_89,0
8_376,1,8_2,8_90,0
8_377,1,8_172,8_90,0
8_378,1,8_179,8_90,0
8_379,1,8_90,8_91,0
8_380,1,8_91,8_92,0
8_381,1,8_2,8_93,0
8_382,1,8_172,8_93,0
8_383,1,8_185,8_93,0
8_384,1,8_93,8_94,0
8_385,1,8_94,8_95,0
8_386,1,8_2,8_96,0
8_387,1,8_172,8_96,0
8_388,1,8_191,8_96,0
8_389,1,8_96,8_97,0
8_390,1,8_97,8_98,0
8_391,1,8_92,8_99,0
8_392,1,8_89,8_99,0
8_393,1,8_95,8_100,0
8_394,1,8_99,8_100,0
8_395,1,8_98,8_101,0
8_396,1,8_100,8_101,0
8_398,1,8_99,8_102,0
8_399,1,8_204,8_102,0
8_400,1,8_99,8_103,0
8_401,1,8_207,8_103,0
8_402,1,8_103,8_104,0
8_403,1,8_210,8_104,0
8_404,1,8_102,8_105,0
8_405,1,8_104,8_105,0
8_406,1,8_103,8_105,0
8_407,1,8_89,8_106,0
8_408,1,8_101,8_106,0
8_409,1,8_106,8_107,0
8_410,1,8_105,8_107,0
8_411,1,8_95,8_108,0
8_412,1,8_92,8_108,0
8_414,1,8_108,8_109,0
8_415,1,8_204,8_109,0
8_416,1,8_108,8_110,0
8_417,1,8_207,8_110,0
8_418,1,8_110,8_111,0
8_419,1,8_210,8_111,0
8_420,1,8_109,8_112,0
8_421,1,8_111,8_112,0
8_422,1,8_110,8_112,0
8_423,1,8_92,8_113,0
8_424,1,8_112,8_113,0
8_425,1,8_113,8_114,0
8_426,1,8_101,8_114,0
8_427,1,8_98,8_115,0
8_428,1,8_95,8_115,0
8_430,1,8_115,8_116,0
8_431,1,8_204,8_116,0
8_432,1,8_115,8_117,0
8_433,1,8_207,8_117,0
8_434,1,8_117,8_118,0
8_435,1,8_210,8_118,0
8_436,1,8_116,8_119,0
8_437,1,8_118,8_119,0
8_438,1,8_117,8_119,0
8_439,1,8_99,8_120,0
8_440,1,8_119,8_120,0
8_441,1,8_120,8_121,0
8_442,1,8_98,8_121,0
8_443,1,8_98,8_122,0
8_444,1,8_89,8_122,0
8_446,1,8_122,8_123,0
8_447,1,8_204,8_123,0
8_448,1,8_122,8_124,0
8_449,1,8_207,8_124,0
8_450,1,8_124,8_125,0
8_451,1,8_210,8_125,0
8_452,1,8_123,8_126,0
8_453,1,8_125,8_126,0
8_454,1,8_124,8_126,0
8_455,1,8_126,8_127,0
8_456,1,8_100,8_127,0
8_458,1,8_88,8_128,0
8_459,1,8_268,8_128,0
8_460,1,8_270,8_128,0
8_462,1,8_91,8_129,0
8_463,1,8_268,8_129,0
8_464,1,8_270,8_129,0
8_466,1,8_94,8_130,0
8_467,1,8_268,8_130,0
8_468,1,8_270,8_130,0
8_470,1,8_97,8_131,0
8_471,1,8_268,8_131,0
8_472,1,8_270,8_131,0
8_473,1,8_129,8_132,0
8_474,1,8_128,8_132,0
8_475,1,8_132,8_133,0
8_476,1,8_130,8_133,0
8_477,1,8_133,8_134,0
8_478,1,8_131,8_134,0
8_480,1,8_132,8_135,0
8_481,1,8_204,8_135,0
8_482,1,8_132,8_136,0
8_483,1,8_207,8_136,0
8_484,1,8_136,8_137,0
8_485,1,8_210,8_137,0
8_486,1,8_135,8_138,0
8_487,1,8_137,8_138,0
8_488,1,8_136,8_138,0
8_489,1,8_128,8_139,0
8_490,1,8_138,8_139,0
8_491,1,8_139,8_140,0
8_492,1,8_134,8_140,0
8_494,1,8_140,8_141,0
8_495,1,8_107,8_141,0
8_496,1,8_141,8_142,0
8_497,1,8_87,8_142,0
8_498,1,8_130,8_143,0
8_499,1,8_129,8_143,0
8_501,1,8_143,8_144,0
8_502,1,8_204,8_144,0
8_503,1,8_143,8_145,0
8_504,1,8_207,8_145,0
8_505,1,8_145,8_146,0
8_506,1,8_210,8_146,0
8_507,1,8_144,8_147,0
8_508,1,8_146,8_147,0
8_509,1,8_145,8_147,0
8_510,1,8_129,8_148,0
8_511,1,8_147,8_148,0
8_512,1,8_148,8_149,0
8_513,1,8_134,8_149,0
8_515,1,8_149,8_150,0
8_516,1,8_114,8_150,0
8_517,1,8_150,8_151,0
8_518,1,8_90,8_151,0
8_519,1,8_131,8_152,0
8_520,1,8_130,8_152,0
8_522,1,8_152,8_153,0
8_523,1,8_204,8_153,0
8_524,1,8_152,8_154,0
8_525,1,8_207,8_154,0
8_526,1,8_154,8_155,0
8_527,1,8_210,8_155,0
8_528,1,8_153,8_156,0
8_529,1,8_155,8_156,0
8_530,1,8_154,8_156,0
8_531,1,8_132,8_157,0
8_532,1,8_156,8_157,0
8_533,1,8_157,8_158,0
8_534,1,8_131,8_158,0
8_536,1,8_158,8_159,0
8_537,1,8_121,8_159,0
8_538,1,8_159,8_160,0
8_539,1,8_93,8_160,0
8_540,1,8_131,8_161,0
8_541,1,8_128,8_161,0
8_543,1,8_161,8_162,0
8_544,1,8_204,8_162,0
8_545,1,8_161,8_163,0
8_546,1,8_207,8_163,0
8_547,1,8_163,8_164,0
8_548,1,8_210,8_164,0
8_549,1,8_162,8_165,0
8_550,1,8_164,8_165,0
8_551,1,8_163,8_165,0
8_552,1,8_165,8_166,0
8_553,1,8_133,8_166,0
8_555,1,8_166,8_167,0
8_556,1,8_127,8_167,0
8_557,1,8_167,8_168,0
8_558,1,8_96,8_168,0
8_602,4,8_97,8_168,0
8_603,4,8_94,8_160,0
8_604,4,8_91,8_151,0
8_605,4,8_88,8_142,0
8_606,4,8_15,8_86,0
8_607,4,8_12,8_78,0
8_608,4,8_9,8_69,0
8_609,4,8_6,8_60,0
8_2147483647,1,8_60,8_6,1
9_140,1,9_4,9_5,0
9_143,1,9_3,9_6,0
9_144,1,9_5,9_9,0
9_146,1,9_145,9_9,0
9_147,1,9_9,9_10,0
9_148,1,9_6,9_11,0
9_149,1,9_10,9_11,0
9_150,1,9_11,9_12,0
9_151,1,9_2,9_13,0
9_153,1,9_152,9_13,0
9_155,1,9_154,9_13,0
9_156,1,9_13,9_14,0
9_159,1,9_14,9_15,0
9_161,1,9_160,9_15,0
9_163,1,9_162,9_15,0
9_164,1,9_15,9_16,0
9_165,1,9_12,9_16,0
9_166,1,9_5,9_17,0
9_168,1,9_167,9_17,0
9_169,1,9_17,9_18,0
9_170,1,9_6,9_19,0
9_171,1,9_18,9_19,0
9_172,1,9_19,9_20,0
9_173,1,9_2,9_21,0
9_174,1,9_152,9_21,0
9_176,1,9_175,9_21,0
9_177,1,9_21,9_22,0
9_179,1,9_22,9_23,0
9_180,1,9_160,9_23,0
9_181,1,9_162,9_23,0
9_182,1,9_23,9_24,0
9_183,1,9_20,9_24,0
9_184,1,9_5,9_25,0
9_186,1,9_185,9_25,0
9_187,1,9_25,9_26,0
9_188,1,9_6,9_27,0
9_189,1,9_26,9_27,0
9_190,1,9_27,9_28,0
9_191,1,9_2,9_29,0
9_192,1,9_152,9_29,0
9_194,1,9_193,9_29,0
9_195,1,9_29,9_30,0
9_197,1,9_30,9_31,0
9_198,1,9_160,9_31,0
9_199,1,9_162,9_31,0
9_200,1,9_31,9_32,0
9_201,1,9_28,9_32,0
9_202,1,9_5,9_33,0
9_204,1,9_203,9_33,0
9_205,1,9_33,9_34,0
9_206,1,9_6,9_35,0
9_207,1,9_34,9_35,0
9_208,1,9_35,9_36,0
9_209,1,9_2,9_37,0
9_210,1,9_152,9_37,0
9_211,1,9_152,9_37,0
9_212,1,9_37,9_38,0
9_214,1,9_38,9_39,0
9_215,1,9_160,9_39,0
9_216,1,9_162,9_39,0
9_217,1,9_39,9_40,0
9_218,1,9_36,9_40,0
9_219,1,9_5,9_41,0
9_221,1,9_220,9_41,0
9_222,1,9_41,9_42,0
9_223,1,9_6,9_43,0
9_224,1,9_42,9_43,0
9_225,1,9_43,9_44,0
9_226,1,9_14,9_45,0
9_227,1,9_45,9_46,0
9_228,1,9_44,9_46,0
9_231,1,9_16,9_47,0
9_232,1,9_46,9_47,0
9_233,1,9_47,9_48,0
9_234,1,9_13,9_48,0
9_235,1,9_5,9_49,0
9_237,1,9_236,9_49,0
9_238,1,9_49,9_50,0
9_239,1,9_6,9_51,0
9_240,1,9_50,9_51,0
9_241,1,9_51,9_52,0
9_242,1,9_22,9_53,0
9_243,1,9_53,9_54,0
9_244,1,9_52,9_54,0
9_246,1,9_24,9_55,0
9_247,1,9_54,9_55,0
9_248,1,9_55,9_56,0
9_249,1,9_21,9_56,0
9_250,1,9_5,9_57,0
9_252,1,9_251,9_57,0
9_253,1,9_57,9_58,0
9_254,1,9_6,9_59,0
9_255,1,9_58,9_59,0
9_256,1,9_59,9_60,0
9_257,1,9_30,9_61,0
9_258,1,9_61,9_62,0
9_259,1,9_60,9_62,0
9_261,1,9_32,9_63,0
9_262,1,9_62,9_63,0
9_263,1,9_63,9_64,0
9_264,1,9_29,9_64,0
9_265,1,9_5,9_65,0
9_267,1,9_266,9_65,0
9_268,1,9_65,9_66,0
9_269,1,9_6,9_67,0
9_270,1,9_66,9_67,0
9_271,1,9_67,9_68,0
9_272,1,9_38,9_69,0
9_273,1,9_69,9_70,0
9_274,1,9_68,9_70,0
9_276,1,9_40,9_71,0
9_277,1,9_70,9_71,0
9_278,1,9_71,9_72,0
9_279,1,9_37,9_72,0
9_280,1,9_5,9_73,0
9_282,1,9_281,9_73,0
9_283,1,9_73,9_74,0
9_284,1,9_6,9_75,0
9_285,1,9_74,9_75,0
9_286,1,9_75,9_76,0
9_287,1,9_1,9_77,0
9_288,1,9_152,9_77,0
9_289,1,9_154,9_77,0
9_290,1,9_77,9_78,0
9_292,1,9_78,9_79,0
9_293,1,9_160,9_79,0
9_294,1,9_162,9_79,0
9_295,1,9_79,9_80,0
9_296,1,9_76,9_80,0
9_297,1,9_5,9_81,0
9_299,1,9_298,9_81,0
9_300,1,9_81,9_82,0
9_301,1,9_6,9_83,0
9_302,1,9_82,9_83,0
9_303,1,9_83,9_84,0
9_304,1,9_1,9_85,0
9_305,1,9_152,9_85,0
9_306,1,9_175,9_85,0
9_307,1,9_85,9_86,0
9_309,1,9_86,9_87,0
9_310,1,9_160,9_87,0
9_311,1,9_162,9_87,0
9_312,1,9_87,9_88,0
9_313,1,9_84,9_88,0
9_314,1,9_5,9_89,0
9_316,1,9_315,9_89,0
9_317,1,9_89,9_90,0
9_318,1,9_6,9_91,0
9_319,1,9_90,9_91,0
9_320,1,9_91,9_92,0
9_321,1,9_1,9_93,0
9_322,1,9_152,9_93,0
9_323,1,9_193,9_93,0
9_324,1,9_93,9_94,0
9_326,1,9_94,9_95,0
9_327,1,9_160,9_95,0
9_328,1,9_162,9_95,0
9_329,1,9_95,9_96,0
9_330,1,9_92,9_96,0
9_331,1,9_5,9_97,0
9_333,1,9_332,9_97,0
9_334,1,9_97,9_98,0
9_335,1,9_6,9_99,0
9_336,1,9_98,9_99,0
9_337,1,9_99,9_100,0
9_338,1,9_1,9_101,0
9_339,1,9_152,9_101,0
9_340,1,9_152,9_101,0
9_341,1,9_101,9_102,0
9_343,1,9_102,9_103,0
9_344,1,9_160,9_103,0
9_345,1,9_162,9_103,0
9_346,1,9_103,9_104,0
9_347,1,9_100,9_104,0
9_348,1,9_5,9_105,0
9_350,1,9_349,9_105,0
9_351,1,9_105,9_106,0
9_352,1,9_6,9_107,0
9_353,1,9_106,9_107,0
9_354,1,9_107,9_108,0
9_355,1,9_78,9_109,0
9_356,1,9_109,9_110,0
9_357,1,9_108,9_110,0
9_359,1,9_80,9_111,0
9_360,1,9_110,9_111,0
9_361,1,9_111,9_112,0
9_362,1,9_77,9_112,0
9_363,1,9_5,9_113,0
9_365,1,9_364,9_113,0
9_366,1,9_113,9_114,0
9_367,1,9_6,9_115,0
9_368,1,9_114,9_115,0
9_369,1,9_115,9_116,0
9_370,1,9_86,9_117,0
9_371,1,9_117,9_118,0
9_372,1,9_116,9_118,0
9_374,1,9_88,9_119,0
9_375,1,9_118,9_119,0
9_376,1,9_119,9_120,0
9_377,1,9_85,9_120,0
9_378,1,9_5,9_121,0
9_380,1,9_379,9_121,0
9_381,1,9_121,9_122,0
9_382,1,9_6,9_123,0
9_383,1,9_122,9_123,0
9_384,1,9_123,9_124,0
9_385,1,9_94,9_125,0
9_386,1,9_125,9_126,0
9_387,1,9_124,9_126,0
9_389,1,9_96,9_127,0
9_390,1,9_126,9_127,0
9_391,1,9_127,9_128,0
9_392,1,9_93,9_128,0
9_393,1,9_5,9_129,0
9_394,1,9_6,9_130,0
9_395,1,9_129,9_130,0
9_396,1,9_130,9_131,0
9_397,1,9_102,9_132,0
9_398,1,9_132,9_133,0
9_399,1,9_131,9_133,0
9_401,1,9_104,9_134,0
9_402,1,9_133,9_134,0
9_403,1,9_134,9_135,0
9_404,1,9_101,9_135,0
9_448,4,9_102,9_135,0
9_449,4,9_94,9_128,0
9_450,4,9_86,9_120,0
9_451,4,9_78,9_112,0
9_452,4,9_38,9_72,0
9_453,4,9_30,9_64,0
9_454,4,9_22,9_56,0
9_455,4,9_14,9_48,0
9_2147483647,1,9_112,9_78,1
10_61,1,10_60,10_2,0
10_63,1,10_62,10_4,0
10_64,1,10_2,10_4,0
10_65,2,10_12,10_5,0
10_66,1,10_2,10_7,0
10_69,1,10_7,10_9,0
10_71,1,10_70,10_9,0
10_72,1,10_9,10_11,0
10_73,2,10_57,10_11,0
10_74,2,10_59,10_11,0
10_75,1,10_7,10_13,0
10_76,1,10_7,10_14,0
10_77,1,10_14,10_16,0
10_79,1,10_78,10_16,0
10_80,1,10_16,10_17,0
10_81,1,10_1,10_18,0
10_83,1,10_82,10_18,0
10_84,1,10_17,10_18,0
10_85,1,10_18,10_19,0
10_86,1,10_1,10_20,0
10_87,1,10_82,10_20,0
10_88,1,10_13,10_20,0
10_89,1,10_20,10_21,0
10_90,1,10_21,10_22,0
10_91,1,10_19,10_22,0
10_92,1,10_22,10_23,0
10_93,1,10_20,10_23,0
10_94,1,10_14,10_24,0
10_96,1,10_95,10_24,0
10_97,1,10_24,10_25,0
10_98,1,10_1,10_26,0
10_99,1,10_82,10_26,0
10_100,1,10_25,10_26,0
10_101,1,10_26,10_27,0
10_102,1,10_14,10_28,0
10_104,1,10_103,10_28,0
10_105,1,10_28,10_29,0
10_106,1,10_1,10_30,0
10_107,1,10_82,10_30,0
10_108,1,10_29,10_30,0
10_109,1,10_30,10_31,0
10_110,1,10_31,10_32,0
10_111,1,10_27,10_32,0
10_112,1,10_32,10_33,0
10_113,1,10_30,10_33,0
10_114,1,10_14,10_34,0
10_116,1,10_115,10_34,0
10_117,1,10_34,10_35,0
10_118,1,10_1,10_36,0
10_119,1,10_82,10_36,0
10_120,1,10_35,10_36,0
10_121,1,10_36,10_37,0
10_122,1,10_14,10_38,0
10_124,1,10_123,10_38,0
10_125,1,10_38,10_39,0
10_126,1,10_1,10_40,0
10_127,1,10_82,10_40,0
10_128,1,10_39,10_40,0
10_129,1,10_40,10_41,0
10_130,1,10_41,10_42,0
10_131,1,10_37,10_42,0
10_132,1,10_42,10_43,0
10_133,1,10_40,10_43,0
10_134,1,10_14,10_44,0
10_136,1,10_135,10_44,0
10_137,1,10_44,10_45,0
10_138,1,10_1,10_46,0
10_139,1,10_82,10_46,0
10_140,1,10_45,10_46,0
10_141,1,10_46,10_47,0
10_142,1,10_14,10_48,0
10_144,1,10_143,10_48,0
10_145,1,10_48,10_49,0
10_146,1,10_1,10_50,0
10_147,1,10_82,10_50,0
10_148,1,10_49,10_50,0
10_149,1,10_50,10_51,0
10_150,1,10_51,10_52,0
10_151,1,10_47,10_52,0
10_152,1,10_52,10_53,0
10_153,1,10_50,10_53,0
10_154,1,10_7,10_54,0
10_156,1,10_155,10_54,0
10_157,1,10_54,10_55,0
10_158,1,10_2,10_55,0
10_159,2,10_12,10_56,0
10_202,2,10_6,10_12,0
10_203,2,10_12,10_59,0
10_204,2,10_12,10_57,0
10_205,2,10_57,10_12,1
10_206,4,10_51,10_53,0
10_207,4,10_41,10_43,0
10_208,4,10_31,10_33,0
10_209,4,10_21,10_23,0
10_210,4,10_4,10_7,0
10_211,4,10_4,10_55,0
10_212,4,10_7,10_55,0
10_2147483647,1,10_33,10_27,1
11_104,1,11_2,11_6,0
11_106,1,11_105,11_6,0
11_108,1,11_107,11_6,0
11_109,1,11_6,11_7,0
11_112,1,11_7,11_8,0
11_114,1,11_113,11_8,0
11_116,1,11_115,11_8,0
11_117,1,11_8,11_9,0
11_118,1,11_3,11_10,0
11_119,1,11_105,11_10,0
11_120,1,11_9,11_10,0
11_121,1,11_10,11_11,0
11_122,1,11_2,11_12,0
11_123,1,11_105,11_12,0
11_125,1,11_124,11_12,0
11_126,1,11_12,11_13,0
11_128,1,11_13,11_14,0
11_129,1,11_113,11_14,0
11_130,1,11_115,11_14,0
11_131,1,11_14,11_15,0
11_132,1,11_3,11_16,0
11_133,1,11_105,11_16,0
11_134,1,11_15,11_16,0
11_135,1,11_16,11_17,0
11_136,1,11_2,11_18,0
11_137,1,11_105,11_18,0
11_139,1,11_138,11_18,0
11_140,1,11_18,11_19,0
11_142,1,11_19,11_20,0
11_143,1,11_113,11_20,0
11_144,1,11_115,11_20,0
11_145,1,11_20,11_21,0
11_146,1,11_3,11_22,0
11_147,1,11_105,11_22,0
11_148,1,11_21,11_22,0
11_149,1,11_22,11_23,0
11_150,1,11_2,11_24,0
11_151,1,11_105,11_24,0
11_152,1,11_105,11_24,0
11_153,1,11_24,11_25,0
11_155,1,11_25,11_26,0
11_156,1,11_113,11_26,0
11_157,1,11_115,11_26,0
11_158,1,11_26,11_27,0
11_159,1,11_3,11_28,0
11_160,1,11_105,11_28,0
11_161,1,11_27,11_28,0
11_162,1,11_28,11_29,0
11_163,1,11_7,11_30,0
11_164,1,11_30,11_31,0
11_165,1,11_3,11_32,0
11_166,1,11_105,11_32,0
11_167,1,11_31,11_32,0
11_168,1,11_32,11_33,0
11_171,1,11_11,11_34,0
11_172,1,11_33,11_34,0
11_173,1,11_34,11_35,0
11_174,1,11_6,11_35,0
11_175,1,11_13,11_36,0
11_176,1,11_36,11_37,0
11_177,1,11_3,11_38,0
11_178,1,11_105,11_38,0
11_179,1,11_37,11_38,0
11_180,1,11_38,11_39,0
11_182,1,11_17,11_40,0
11_183,1,11_39,11_40,0
11_184,1,11_40,11_41,0
11_185,1,11_12,11_41,0
11_186,1,11_19,11_42,0
11_187,1,11_42,11_43,0
11_188,1,11_3,11_44,0
11_189,1,11_105,11_44,0
11_190,1,11_43,11_44,0
11_191,1,11_44,11_45,0
11_193,1,11_23,11_46,0
11_194,1,11_45,11_46,0
11_195,1,11_46,11_47,0
11_196,1,11_18,11_47,0
11_197,1,11_25,11_48,0
11_198,1,11_48,11_49,0
11_199,1,11_3,11_50,0
11_200,1,11_105,11_50,0
11_201,1,11_49,11_50,0
11_202,1,11_50,11_51,0
11_204,1,11_29,11_52,0
11_205,1,11_51,11_52,0
11_206,1,11_52,11_53,0
11_207,1,11_24,11_53,0
11_208,1,11_1,11_54,0
11_209,1,11_105,11_54,0
11_210,1,11_107,11_54,0
11_211,1,11_54,11_55,0
11_213,1,11_55,11_56,0
11_214,1,11_113,11_56,0
11_215,1,11_115,11_56,0
11_216,1,11_56,11_57,0
11_217,1,11_3,11_58,0
11_218,1,11_105,11_58,0
11_219,1,11_57,11_58,0
11_220,1,11_58,11_59,0
11_221,1,11_1,11_60,0
11_222,1,11_105,11_60,0
11_223,1,11_124,11_60,0
11_224,1,11_60,11_61,0
11_226,1,11_61,11_62,0
11_227,1,11_113,11_62,0
11_228,1,11_115,11_62,0
11_229,1,11_62,11_63,0
11_230,1,11_3,11_64,0
11_231,1,11_105,11_64,0
11_232,1,11_63,11_64,0
11_233,1,11_64,11_65,0
11_234,1,11_1,11_66,0
11_235,1,11_105,11_66,0
11_236,1,11_138,11_66,0
11_237,1,11_66,11_67,0
11_239,1,11_67,11_68,0
11_240,1,11_113,11_68,0
11_241,1,11_115,11_68,0
11_242,1,11_68,11_69,0
11_243,1,11_3,11_70,0
11_244,1,11_105,11_70,0
11_245,1,11_69,11_70,0
11_246,1,11_70,11_71,0
11_247,1,11_1,11_72,0
11_248,1,11_105,11_72,0
11_249,1,11_105,11_72,0
11_250,1,11_72,11_73,0
11_252,1,11_73,11_74,0
11_253,1,11_113,11_74,0
11_254,1,11_115,11_74,0
11_255,1,11_74,11_75,0
11_256,1,11_3,11_76,0
11_257,1,11_105,11_76,0
11_258,1,11_75,11_76,0
11_259,1,11_76,11_77,0
11_260,1,11_55,11_78,0
11_261,1,11_78,11_79,0
11_262,1,11_3,11_80,0
11_263,1,11_105,11_80,0
11_264,1,11_79,11_80,0
11_265,1,11_80,11_81,0
11_267,1,11_59,11_82,0
11_268,1,11_81,11_82,0
11_269,1,11_82,11_83,0
11_270,1,11_54,11_83,0
11_271,1,11_61,11_84,0
11_272,1,11_84,11_85,0
11_273,1,11_3,11_86,0
11_274,1,11_105,11_86,0
11_275,1,11_85,11_86,0
11_276,1,11_86,11_87,0
11_278,1,11_65,11_88,0
11_279,1,11_87,11_88,0
11_280,1,11_88,11_89,0
11_281,1,11_60,11_89,0
11_282,1,11_67,11_90,0
11_283,1,11_90,11_91,0
11_284,1,11_3,11_92,0
11_285,1,11_105,11_92,0
11_286,1,11_91,11_92,0
11_287,1,11_92,11_93,0
11_289,1,11_71,11_94,0
11_290,1,11_93,11_94,0
11_291,1,11_94,11_95,0
11_292,1,11_66,11_95,0
11_293,1,11_73,11_96,0
11_294,1,11_96,11_97,0
11_295,1,11_3,11_98,0
11_296,1,11_105,11_98,0
11_297,1,11_97,11_98,0
11_298,1,11_98,11_99,0
11_300,1,11_77,11_100,0
11_301,1,11_99,11_100,0
11_302,1,11_100,11_101,0
11_303,1,11_72,11_101,0
11_347,4,11_73,11_101,0
11_348,4,11_67,11_95,0
11_349,4,11_61,11_89,0
11_350,4,11_55,11_83,0
11_351,4,11_25,11_53,0
11_352,4,11_19,11_47,0
11_353,4,11_13,11_41,0
11_354,4,11_7,11_35,0
11_2147483647,1,11_83,11_55,1
12_104,1,12_103,12_4,0
12_105,1,12_103,12_5,0
12_108,1,12_3,12_8,0
12_109,1,12_8,12_9,0
12_110,1,12_5,12_9,0
12_112,1,12_111,12_10,0
12_113,1,12_4,12_10,0
12_114,2,12_59,12_11,0
12_115,1,12_4,12_13,0
12_116,1,12_5,12_14,0
12_117,1,12_13,12_15,0
12_120,1,12_13,12_18,0
12_122,1,12_121,12_18,0
12_126,1,12_125,12_19,0
12_127,1,12_13,12_19,0
12_128,1,12_121,12_19,0
12_129,1,12_19,12_20,0
12_130,1,12_14,12_21,0
12_131,1,12_20,12_21,0
12_132,1,12_21,12_22,0
12_133,1,12_18,12_23,0
12_135,1,12_134,12_24,0
12_136,1,12_23,12_24,0
12_137,1,12_24,12_25,0
12_138,1,12_22,12_26,0
12_139,1,12_26,12_27,0
12_140,1,12_23,12_27,0
12_141,1,12_25,12_28,0
12_143,1,12_142,12_28,0
12_144,1,12_28,12_29,0
12_145,1,12_28,12_30,0
12_146,1,12_14,12_31,0
12_147,1,12_14,12_32,0
12_148,1,12_29,12_32,0
12_149,1,12_31,12_33,0
12_150,1,12_30,12_33,0
12_151,1,12_33,12_34,0
12_152,1,12_27,12_34,0
12_155,1,12_32,12_35,0
12_157,1,12_156,12_35,0
12_159,1,12_158,12_35,0
12_162,1,12_32,12_36,0
12_163,1,12_156,12_36,0
12_165,1,12_164,12_36,0
12_168,1,12_35,12_37,0
12_169,1,12_34,12_37,0
12_172,1,12_13,12_38,0
12_174,1,12_173,12_38,0
12_176,1,12_13,12_39,0
12_178,1,12_177,12_39,0
12_181,1,12_39,12_40,0
12_182,1,12_121,12_40,0
12_183,1,12_15,12_41,0
12_184,1,12_1,12_42,0
12_186,1,12_185,12_42,0
12_187,1,12_41,12_42,0
12_188,1,12_42,12_43,0
12_189,1,12_40,12_44,0
12_190,1,12_43,12_45,0
12_191,1,12_44,12_45,0
12_192,1,12_45,12_46,0
12_193,1,12_2,12_47,0
12_194,1,12_185,12_47,0
12_195,1,12_41,12_47,0
12_196,1,12_47,12_48,0
12_197,1,12_40,12_49,0
12_198,1,12_48,12_50,0
12_199,1,12_49,12_50,0
12_200,1,12_50,12_51,0
12_203,1,12_46,12_52,0
12_204,1,12_51,12_52,0
12_205,1,12_38,12_52,0
12_206,1,12_52,12_53,0
12_207,1,12_22,12_53,0
12_208,1,12_40,12_55,0
12_210,1,12_209,12_56,0
12_211,1,12_55,12_56,0
12_212,1,12_56,12_57,0
12_214,1,12_213,12_57,0
12_215,1,12_38,12_58,0
12_216,2,12_66,12_58,0
12_217,2,12_73,12_58,0
12_218,1,12_43,12_60,0
12_219,1,12_57,12_60,0
12_220,1,12_53,12_61,0
12_221,1,12_61,12_62,0
12_222,1,12_55,12_62,0
12_223,1,12_60,12_63,0
12_224,1,12_62,12_63,0
12_225,1,12_63,12_64,0
12_226,1,12_42,12_64,0
12_227,2,12_96,12_65,0
12_228,1,12_48,12_67,0
12_229,1,12_57,12_67,0
12_230,1,12_53,12_68,0
12_231,1,12_68,12_69,0
12_232,1,12_55,12_69,0
12_233,1,12_67,12_70,0
12_234,1,12_69,12_70,0
12_235,1,12_70,12_71,0
12_236,1,12_47,12_71,0
12_237,2,12_96,12_72,0
12_241,1,12_240,12_74,0
12_242,1,12_13,12_74,0
12_243,1,12_121,12_74,0
12_244,1,12_74,12_75,0
12_245,1,12_75,12_76,0
12_246,1,12_37,12_77,0
12_247,1,12_76,12_77,0
12_248,1,12_77,12_78,0
12_249,1,12_74,12_79,0
12_251,1,12_250,12_80,0
12_252,1,12_79,12_80,0
12_253,1,12_80,12_81,0
12_254,1,12_78,12_82,0
12_255,1,12_82,12_83,0
12_256,1,12_79,12_83,0
12_257,1,12_81,12_84,0
12_259,1,12_258,12_84,0
12_260,1,12_84,12_85,0
12_261,1,12_84,12_86,0
12_264,1,12_36,12_87,0
12_265,1,12_34,12_87,0
12_266,1,12_37,12_88,0
12_267,1,12_85,12_88,0
12_268,1,12_87,12_89,0
12_269,1,12_86,12_89,0
12_270,1,12_89,12_90,0
12_271,1,12_83,12_90,0
12_274,1,12_88,12_91,0
12_276,1,12_275,12_91,0
12_277,1,12_158,12_91,0
12_280,1,12_91,12_92,0
12_281,1,12_90,12_92,0
12_282,1,12_13,12_93,0
12_283,1,12_111,12_93,0
12_284,1,12_13,12_94,0
12_286,1,12_285,12_94,0
12_287,1,12_94,12_95,0
12_288,2,12_100,12_95,0
12_289,2,12_102,12_95,0
12_290,1,12_92,12_97,0
12_291,1,12_5,12_97,0
12_292,1,12_93,12_98,0
12_293,1,12_4,12_98,0
12_294,2,12_59,12_99,0
12_295,1,12_92,12_101,0
12_357,2,12_12,12_59,0
12_358,2,12_59,12_73,0
12_359,2,12_59,12_66,0
12_360,2,12_66,12_96,0
12_361,2,12_73,12_96,0
12_362,2,12_96,12_102,0
12_363,2,12_96,12_100,0
12_364,2,12_100,12_59,1
12_365,4,12_48,12_71,0
12_366,4,12_43,12_64,0
12_367,4,12_9,12_14,0
12_368,4,12_10,12_13,0
12_369,4,12_9,12_97,0
12_370,4,12_10,12_98,0
12_371,4,12_13,12_98,0
12_372,4,12_14,12_97,0
