node_id,node_name,node_type,line_num,rtl_name,op_type,bitwidth,const_type,content
0_120,empty,2,0,not_exist,not_exist,32,0,1
0_128,empty,2,0,not_exist,not_exist,6,0,0
0_141,empty,2,0,not_exist,not_exist,32,0,5
0_150,empty,2,0,not_exist,not_exist,32,0,4
0_154,empty,2,0,not_exist,not_exist,32,0,3
0_159,empty,2,0,not_exist,not_exist,3,0,0
0_163,empty,2,0,not_exist,not_exist,64,0,0
0_191,empty,2,0,not_exist,not_exist,2,0,2
0_196,empty,2,0,not_exist,not_exist,768,0,255
0_205,empty,2,0,not_exist,not_exist,768,0,1552518092300708935148979488462502555256886017116696611139052038026050952686376886330878408828646477950487730697131073206171580044114814391444287275041181139204454976020849905550265285631598444825262999193716468750892846853816057855
0_208,empty,2,0,not_exist,not_exist,512,0,13407807929942597099574024998205846127479365820592393377723561443721764030073546976801874298166903427690031858186486050853753882811946569946433649006084095
0_220,empty,2,0,not_exist,not_exist,1,0,1
0_225,empty,2,0,not_exist,not_exist,512,0,255
0_232,empty,2,0,not_exist,not_exist,513,0,26815615859885194199148049996411692254958731641184786755447122887443528060147093953603748596333806855380063716372972101707507765623893139892867298012168191
0_247,empty,2,0,not_exist,not_exist,32,0,512
0_249,empty,2,0,not_exist,not_exist,32,0,767
0_255,empty,2,0,not_exist,not_exist,32,0,518
0_262,empty,2,0,not_exist,not_exist,3,0,1
0_286,empty,2,0,not_exist,not_exist,8,0,8
0_303,empty,2,0,not_exist,not_exist,519,0,1716199415032652428745475199770348304317358825035826352348615864796385795849414013030639910165363638744324077847870214509280496999929160953143507072778764287
0_321,empty,2,0,not_exist,not_exist,519,0,255
0_328,empty,2,0,not_exist,not_exist,520,0,3432398830065304857490950399540696608634717650071652704697231729592771591698828026061279820330727277488648155695740429018560993999858321906287014145557528575
0_343,empty,2,0,not_exist,not_exist,32,0,519
0_351,empty,2,0,not_exist,not_exist,6,0,2
1_75,empty,2,0,not_exist,not_exist,32,0,1
1_77,empty,2,0,not_exist,not_exist,4,0,15
1_86,empty,2,0,not_exist,not_exist,3,0,2
1_91,empty,2,0,not_exist,not_exist,64,0,0
1_103,empty,2,0,not_exist,not_exist,32,0,3
1_107,empty,2,0,not_exist,not_exist,32,0,2
1_112,empty,2,0,not_exist,not_exist,3,0,0
1_139,empty,2,0,not_exist,not_exist,16,0,255
1_143,empty,2,0,not_exist,not_exist,16,0,65535
1_149,empty,2,0,not_exist,not_exist,3,0,1
1_154,empty,2,0,not_exist,not_exist,3,0,3
1_170,empty,2,0,not_exist,not_exist,4,0,0
2_680,empty,2,0,not_exist,not_exist,10,0,232
2_689,empty,2,0,not_exist,not_exist,64,0,0
2_702,empty,2,0,not_exist,not_exist,520,0,255
2_710,empty,2,0,not_exist,not_exist,521,0,6864797660130609714981900799081393217269435300143305409394463459185543183397656052122559640661454554977296311391480858037121987999716643812574028291115057151
2_724,empty,2,0,not_exist,not_exist,32,0,520
2_726,empty,2,0,not_exist,not_exist,32,0,767
2_732,empty,2,0,not_exist,not_exist,32,0,527
2_739,empty,2,0,not_exist,not_exist,10,0,240
2_752,empty,2,0,not_exist,not_exist,10,0,8
2_761,empty,2,0,not_exist,not_exist,528,0,255
2_769,empty,2,0,not_exist,not_exist,529,0,1757388200993436087035366604564836663620975436836686184804982645551499054949799949343375268009332366074187855716219099657503228927927460816018951242525454630911
2_786,empty,2,0,not_exist,not_exist,32,0,528
2_792,empty,2,0,not_exist,not_exist,32,0,535
2_799,empty,2,0,not_exist,not_exist,10,0,248
2_811,empty,2,0,not_exist,not_exist,10,0,16
2_820,empty,2,0,not_exist,not_exist,536,0,255
2_828,empty,2,0,not_exist,not_exist,537,0,449891379454319638281053850768598185886969711830191663310075557261183758067148787031904068610389085714992091063352089512320826605549429968900851518086516385513471
2_845,empty,2,0,not_exist,not_exist,32,0,536
2_851,empty,2,0,not_exist,not_exist,32,0,543
2_858,empty,2,0,not_exist,not_exist,10,0,224
2_871,empty,2,0,not_exist,not_exist,10,0,24
2_880,empty,2,0,not_exist,not_exist,544,0,255
2_888,empty,2,0,not_exist,not_exist,545,0,115172193140305827399949785796761135587064246228529065807379342658863042065190089480167441564259605943037975312218134915154131611020654072038617988630148194691448831
2_905,empty,2,0,not_exist,not_exist,32,0,544
2_911,empty,2,0,not_exist,not_exist,32,0,551
2_918,empty,2,0,not_exist,not_exist,8,0,1
2_923,empty,2,0,not_exist,not_exist,32,0,7
2_926,empty,2,0,not_exist,not_exist,8,0,27
2_928,empty,2,0,not_exist,not_exist,8,0,0
2_933,empty,2,0,not_exist,not_exist,10,0,32
2_942,empty,2,0,not_exist,not_exist,552,0,255
2_950,empty,2,0,not_exist,not_exist,553,0,29484081443918291814387145163970850710288447034503440846689111720668938768688662906922865040450459121417721679927842538279457692421287442441886205089317937841010900991
2_967,empty,2,0,not_exist,not_exist,32,0,552
2_973,empty,2,0,not_exist,not_exist,32,0,559
2_980,empty,2,0,not_exist,not_exist,10,0,40
2_989,empty,2,0,not_exist,not_exist,560,0,255
2_997,empty,2,0,not_exist,not_exist,561,0,7547924849643082704483109161976537781833842440832880856752412600491248324784297704172253450355317535082936750061527689799541169259849585265122868502865392087298790653951
2_1014,empty,2,0,not_exist,not_exist,32,0,560
2_1020,empty,2,0,not_exist,not_exist,32,0,567
2_1027,empty,2,0,not_exist,not_exist,10,0,48
2_1036,empty,2,0,not_exist,not_exist,568,0,255
2_1044,empty,2,0,not_exist,not_exist,569,0,1932268761508629172347675945465993672149463664853217499328617625725759571144780212268096883290961288981231808015751088588682539330521493827871454336733540374348490407411711
2_1061,empty,2,0,not_exist,not_exist,32,0,568
2_1067,empty,2,0,not_exist,not_exist,32,0,575
2_1074,empty,2,0,not_exist,not_exist,10,0,56
2_1083,empty,2,0,not_exist,not_exist,576,0,255
2_1091,empty,2,0,not_exist,not_exist,577,0,494660802946209068121005042039294380070262698202423679828126112185794450213063734340632802122486089979195342852032278678702730068613502419935092310203786335833213544297398271
2_1108,empty,2,0,not_exist,not_exist,32,0,576
2_1114,empty,2,0,not_exist,not_exist,32,0,583
2_1121,empty,2,0,not_exist,not_exist,10,0,64
2_1130,empty,2,0,not_exist,not_exist,584,0,255
2_1138,empty,2,0,not_exist,not_exist,585,0,126633165554229521438977290762059361297987250739820462036000284719563379254544315991201997343356439034674007770120263341747898897565056619503383631412169301973302667340133957631
2_1155,empty,2,0,not_exist,not_exist,32,0,584
2_1161,empty,2,0,not_exist,not_exist,32,0,591
2_1168,empty,2,0,not_exist,not_exist,10,0,72
2_1177,empty,2,0,not_exist,not_exist,592,0,255
2_1185,empty,2,0,not_exist,not_exist,593,0,32418090381882757488378186435087196492284736189394038281216072888208225089163344893747711319899248392876545989150787415487462117776654494592866209641515341305165482839074293153791
2_1202,empty,2,0,not_exist,not_exist,32,0,592
2_1208,empty,2,0,not_exist,not_exist,32,0,599
2_1215,empty,2,0,not_exist,not_exist,10,0,80
2_1224,empty,2,0,not_exist,not_exist,600,0,255
2_1232,empty,2,0,not_exist,not_exist,601,0,8299031137761985917024815727382322302024892464484873799991314659381305622825816292799414097894207588576395773222601578364790302150823550615773749668227927374122363606803019047370751
2_1249,empty,2,0,not_exist,not_exist,32,0,600
2_1255,empty,2,0,not_exist,not_exist,32,0,607
2_1262,empty,2,0,not_exist,not_exist,10,0,88
2_1271,empty,2,0,not_exist,not_exist,608,0,255
2_1279,empty,2,0,not_exist,not_exist,609,0,2124551971267068394758352826209874509318372470908127692797776552801614239443408970956650009060917142675557317944986004061386317350610828957638079915066349407775325083341572876126912511
2_1296,empty,2,0,not_exist,not_exist,32,0,608
2_1302,empty,2,0,not_exist,not_exist,32,0,615
2_1309,empty,2,0,not_exist,not_exist,10,0,96
2_1318,empty,2,0,not_exist,not_exist,616,0,255
2_1326,empty,2,0,not_exist,not_exist,617,0,543885304644369509058138323509727874385503352552480689356230797517213245297512696564902402319594788524942673393916417039714897241756372213155348458256985448390483221335442656288489603071
2_1343,empty,2,0,not_exist,not_exist,32,0,616
2_1349,empty,2,0,not_exist,not_exist,32,0,623
2_1356,empty,2,0,not_exist,not_exist,10,0,104
2_1365,empty,2,0,not_exist,not_exist,624,0,255
2_1373,empty,2,0,not_exist,not_exist,625,0,139234637988958594318883410818490335842688858253435056475195084164406590796163250320615014993816265862385324388842602762167013693889631286567769205313788274787963704661873320009853338386431
2_1390,empty,2,0,not_exist,not_exist,32,0,624
2_1396,empty,2,0,not_exist,not_exist,32,0,631
2_1403,empty,2,0,not_exist,not_exist,10,0,112
2_1412,empty,2,0,not_exist,not_exist,632,0,255
2_1420,empty,2,0,not_exist,not_exist,633,0,35644067325173400145634153169533525975728347712879374457649941546088087243817792082077443838416964060770643043543706307114755505635745609361348916560329798345718708393439569922522454626926591
2_1437,empty,2,0,not_exist,not_exist,32,0,632
2_1443,empty,2,0,not_exist,not_exist,32,0,639
2_1450,empty,2,0,not_exist,not_exist,10,0,120
2_1459,empty,2,0,not_exist,not_exist,640,0,255
2_1467,empty,2,0,not_exist,not_exist,641,0,9124881235244390437282343211400582649786457014497119861158385035798550334417354773011825622634742799557284619147188814621377409442750875996505322639444428376503989348720529900165748384493207551
2_1484,empty,2,0,not_exist,not_exist,32,0,640
2_1490,empty,2,0,not_exist,not_exist,32,0,647
2_1502,empty,2,0,not_exist,not_exist,10,0,128
2_1511,empty,2,0,not_exist,not_exist,648,0,255
2_1519,empty,2,0,not_exist,not_exist,649,0,2335969596222563951944279862118549158345332995711262684456546569164428885610842821891027359394494156686664862501680336543072616817344224255105362595697773664385021273272455654442431586430261133311
2_1536,empty,2,0,not_exist,not_exist,32,0,648
2_1542,empty,2,0,not_exist,not_exist,32,0,655
2_1554,empty,2,0,not_exist,not_exist,10,0,136
2_1563,empty,2,0,not_exist,not_exist,656,0,255
2_1571,empty,2,0,not_exist,not_exist,657,0,598008216632976371697735644702348584536405246902083247220875921706093794716375762404103004004990504111786204800430166155026589905240121409306972824498630058082565445957748647537262486126146850127871
2_1588,empty,2,0,not_exist,not_exist,32,0,656
2_1594,empty,2,0,not_exist,not_exist,32,0,663
2_1606,empty,2,0,not_exist,not_exist,10,0,144
2_1615,empty,2,0,not_exist,not_exist,664,0,255
2_1623,empty,2,0,not_exist,not_exist,665,0,153090103458041951154620325043801237641319743206933311288544235956760011447392195175450369025277569052617268428910122535686807015741471080782585043071649294869136754165183653769539196448293593632735231
2_1640,empty,2,0,not_exist,not_exist,32,0,664
2_1646,empty,2,0,not_exist,not_exist,32,0,671
2_1658,empty,2,0,not_exist,not_exist,10,0,152
2_1667,empty,2,0,not_exist,not_exist,672,0,255
2_1675,empty,2,0,not_exist,not_exist,673,0,39191066485258739495582803211213116836177854260974927689867324404930562930532401964915294470471057677470020717800991369135822596029816596680341771026342219486499009066287015365002034290763159969980219391
2_1692,empty,2,0,not_exist,not_exist,32,0,672
2_1698,empty,2,0,not_exist,not_exist,32,0,679
2_1705,empty,2,0,not_exist,not_exist,10,0,160
2_1714,empty,2,0,not_exist,not_exist,680,0,255
2_1722,empty,2,0,not_exist,not_exist,681,0,10032913020226237310869197622070557910061530690809581488606035047662224110216294903018315384440590765432325303757053790498770584583633048750167493382743608188543746320969475933440520778435368952314936164351
2_1739,empty,2,0,not_exist,not_exist,32,0,680
2_1745,empty,2,0,not_exist,not_exist,32,0,687
2_1752,empty,2,0,not_exist,not_exist,10,0,168
2_1761,empty,2,0,not_exist,not_exist,688,0,255
2_1769,empty,2,0,not_exist,not_exist,689,0,2568425733177916751582514591250062824975751856847252861083144972201529372215371495172688738416791235950675277761805770367685269653410060480042878305982363696267199058168185838960773319279454451792623658074111
2_1786,empty,2,0,not_exist,not_exist,32,0,688
2_1792,empty,2,0,not_exist,not_exist,32,0,695
2_1799,empty,2,0,not_exist,not_exist,10,0,176
2_1808,empty,2,0,not_exist,not_exist,696,0,255
2_1816,empty,2,0,not_exist,not_exist,697,0,657516987693546688405123735360016083193792475352896732437285112883591519287135102764208317034698556403372871107022277214127429031272975482890976846331485106244402958891055574773957969735540339658911656466972671
2_1833,empty,2,0,not_exist,not_exist,32,0,696
2_1839,empty,2,0,not_exist,not_exist,32,0,703
2_1846,empty,2,0,not_exist,not_exist,10,0,184
2_1855,empty,2,0,not_exist,not_exist,704,0,255
2_1863,empty,2,0,not_exist,not_exist,705,0,168324348849547952231711676252164117297610873690341563503944988898199428937506586307637329160882830439263455003397702966816621832005881723620090072660860187198567157476110227142133240252298326952681384055545004031
2_1880,empty,2,0,not_exist,not_exist,32,0,704
2_1886,empty,2,0,not_exist,not_exist,32,0,711
2_1893,empty,2,0,not_exist,not_exist,10,0,192
2_1902,empty,2,0,not_exist,not_exist,712,0,255
2_1910,empty,2,0,not_exist,not_exist,713,0,43091033305484275771318189120554014028188383664727440257009917157939053808001686094755156265186004592451444480869811959505055188993505721246743058601180207922833192313884218148386109504588371699886434318219521032191
2_1927,empty,2,0,not_exist,not_exist,32,0,712
2_1933,empty,2,0,not_exist,not_exist,32,0,719
2_1940,empty,2,0,not_exist,not_exist,10,0,200
2_1949,empty,2,0,not_exist,not_exist,720,0,255
2_1957,empty,2,0,not_exist,not_exist,721,0,11031304526203974597457456414861827591216226218170224705794538792432397774848431640257320003887617175667569787102671861633294128382337464639166223001902133228245297232354359845986844033174623155170927185464197384241151
2_1974,empty,2,0,not_exist,not_exist,32,0,720
2_1980,empty,2,0,not_exist,not_exist,32,0,727
2_1987,empty,2,0,not_exist,not_exist,10,0,208
2_1996,empty,2,0,not_exist,not_exist,728,0,255
2_2004,empty,2,0,not_exist,not_exist,729,0,2824013958708217496949108842204627863351353911851577524683401930862693830361198499905873920995229996970897865498283996578123296865878390947626553088486946106430796091482716120572632072492703527723757359478834530365734911
2_2021,empty,2,0,not_exist,not_exist,32,0,728
2_2027,empty,2,0,not_exist,not_exist,32,0,735
2_2034,empty,2,0,not_exist,not_exist,10,0,216
2_2043,empty,2,0,not_exist,not_exist,736,0,255
2_2051,empty,2,0,not_exist,not_exist,737,0,722947573429303679218971863604384733017946601434003846318950894300849620572466815975903723774778879224549853567560703123999563997664868082592397590652658203246283799419575326866593810558132103097281884026581639773628137471
2_2068,empty,2,0,not_exist,not_exist,32,0,736
2_2074,empty,2,0,not_exist,not_exist,32,0,743
2_2082,empty,2,0,not_exist,not_exist,744,0,255
2_2090,empty,2,0,not_exist,not_exist,745,0,185074578797901741880056797082722491652594329967104984657651428941017502866551504889831353286343393081484762513295539999743888383402206229143653783207080500031048652651411283677848015502881818392904162310804899782048803192831
2_2107,empty,2,0,not_exist,not_exist,32,0,744
2_2113,empty,2,0,not_exist,not_exist,32,0,751
2_2121,empty,2,0,not_exist,not_exist,752,0,255
2_2129,empty,2,0,not_exist,not_exist,753,0,47379092172262845921294540053176957863064148471578876072358765808900480733837185251796826441303908628860099203403658239934435426150964794660775368501012608007948455078761288621529091968737745508583465551566054344204493617364991
2_2146,empty,2,0,not_exist,not_exist,32,0,752
2_2152,empty,2,0,not_exist,not_exist,32,0,759
2_2160,empty,2,0,not_exist,not_exist,760,0,255
2_2168,empty,2,0,not_exist,not_exist,761,0,12129047596099288555851402253613301212944422008724192274523844047078523067862319424459987568973800608988185396071336509423215469094646987433158494336259227650034804500162889887111447543996862850197367181200909912116350366045437951
2_2184,empty,2,0,not_exist,not_exist,32,0,760
2_2193,empty,2,0,not_exist,not_exist,768,0,255
2_2200,empty,2,0,not_exist,not_exist,768,0,1552518092300708935148979488462502555256886017116696611139052038026050952686376886330878408828646477950487730697131073206171580044114814391444287275041181139204454976020849905550265285631598444825262999193716468750892846853816057855
2_2206,empty,2,0,not_exist,not_exist,776,5,<undef>
3_37,empty,2,0,not_exist,not_exist,32,0,1
3_46,empty,2,0,not_exist,not_exist,8,0,1
3_49,empty,2,0,not_exist,not_exist,3,0,7
3_60,empty,2,0,not_exist,not_exist,3,0,0
3_67,aes_expandEncKey,2,0,not_exist,not_exist,776,6,<constant aes_expandEncKey>
3_70,empty,2,0,not_exist,not_exist,10,0,512
4_48,empty,2,0,not_exist,not_exist,32,0,1
4_51,empty,2,0,not_exist,not_exist,8,0,1
4_54,empty,2,0,not_exist,not_exist,4,0,1
4_65,empty,2,0,not_exist,not_exist,4,0,14
4_75,aes_addRoundKey_1,2,0,not_exist,not_exist,0,6,<constant aes_addRoundKey.1>
4_80,empty,2,0,not_exist,not_exist,8,0,128
4_83,aes_subBytes_1,2,0,not_exist,not_exist,0,6,<constant aes_subBytes.1>
4_87,aes_shiftRows_1,2,0,not_exist,not_exist,0,6,<constant aes_shiftRows.1>
4_91,aes_mixColumns_1,2,0,not_exist,not_exist,0,6,<constant aes_mixColumns.1>
4_103,aes_expandEncKey,2,0,not_exist,not_exist,776,6,<constant aes_expandEncKey>
4_106,empty,2,0,not_exist,not_exist,10,0,0
4_119,empty,2,0,not_exist,not_exist,8,0,0
5_60,empty,2,0,not_exist,not_exist,32,0,1
5_62,empty,2,0,not_exist,not_exist,5,0,4
5_70,empty,2,0,not_exist,not_exist,32,0,4
5_78,empty,2,0,not_exist,not_exist,4,0,12
5_82,empty,2,0,not_exist,not_exist,64,0,0
5_95,empty,2,0,not_exist,not_exist,4,0,13
5_103,empty,2,0,not_exist,not_exist,4,0,1
5_115,empty,2,0,not_exist,not_exist,4,0,14
5_123,empty,2,0,not_exist,not_exist,4,0,2
5_135,empty,2,0,not_exist,not_exist,4,0,15
5_143,empty,2,0,not_exist,not_exist,4,0,3
6_38,empty,2,0,not_exist,not_exist,64,0,0
6_40,empty,2,0,not_exist,not_exist,64,0,1
6_47,empty,2,0,not_exist,not_exist,32,0,8
6_49,empty,2,0,not_exist,not_exist,32,0,15
6_73,empty,2,0,not_exist,not_exist,64,0,2
6_82,empty,2,0,not_exist,not_exist,64,0,3
7_40,empty,2,0,not_exist,not_exist,64,0,1
7_47,aes256_encrypt_ecb_Pipeline_ecb1,2,0,not_exist,not_exist,0,6,<constant aes256_encrypt_ecb_Pipeline_ecb1>
7_58,aes256_encrypt_ecb_Pipeline_ecb2,2,0,not_exist,not_exist,0,6,<constant aes256_encrypt_ecb_Pipeline_ecb2>
7_64,aes_addRoundKey_cpy_1,2,0,not_exist,not_exist,768,6,<constant aes_addRoundKey_cpy.1>
7_72,aes256_encrypt_ecb_Pipeline_ecb3,2,0,not_exist,not_exist,0,6,<constant aes256_encrypt_ecb_Pipeline_ecb3>
7_79,aes_subBytes_1,2,0,not_exist,not_exist,0,6,<constant aes_subBytes.1>
7_83,aes_shiftRows_1,2,0,not_exist,not_exist,0,6,<constant aes_shiftRows.1>
7_89,aes_expandEncKey,2,0,not_exist,not_exist,776,6,<constant aes_expandEncKey>
7_92,empty,2,0,not_exist,not_exist,10,0,0
7_99,aes_addRoundKey_1,2,0,not_exist,not_exist,0,6,<constant aes_addRoundKey.1>
7_104,empty,2,0,not_exist,not_exist,8,0,0
8_172,empty,2,0,not_exist,not_exist,64,0,0
8_179,empty,2,0,not_exist,not_exist,64,0,1
8_185,empty,2,0,not_exist,not_exist,64,0,2
8_191,empty,2,0,not_exist,not_exist,64,0,3
8_204,empty,2,0,not_exist,not_exist,32,0,7
8_207,empty,2,0,not_exist,not_exist,8,0,1
8_210,empty,2,0,not_exist,not_exist,8,0,27
8_268,empty,2,0,not_exist,not_exist,32,0,8
8_270,empty,2,0,not_exist,not_exist,32,0,15
9_145,empty,2,0,not_exist,not_exist,8,0,120
9_152,empty,2,0,not_exist,not_exist,64,0,0
9_154,empty,2,0,not_exist,not_exist,64,0,3
9_160,empty,2,0,not_exist,not_exist,32,0,8
9_162,empty,2,0,not_exist,not_exist,32,0,15
9_167,empty,2,0,not_exist,not_exist,8,0,112
9_175,empty,2,0,not_exist,not_exist,64,0,2
9_185,empty,2,0,not_exist,not_exist,8,0,104
9_193,empty,2,0,not_exist,not_exist,64,0,1
9_203,empty,2,0,not_exist,not_exist,8,0,96
9_220,empty,2,0,not_exist,not_exist,8,0,88
9_236,empty,2,0,not_exist,not_exist,8,0,80
9_251,empty,2,0,not_exist,not_exist,8,0,72
9_266,empty,2,0,not_exist,not_exist,8,0,64
9_281,empty,2,0,not_exist,not_exist,8,0,56
9_298,empty,2,0,not_exist,not_exist,8,0,48
9_315,empty,2,0,not_exist,not_exist,8,0,40
9_332,empty,2,0,not_exist,not_exist,8,0,32
9_349,empty,2,0,not_exist,not_exist,8,0,24
9_364,empty,2,0,not_exist,not_exist,8,0,16
9_379,empty,2,0,not_exist,not_exist,8,0,8
10_60,empty,2,0,not_exist,not_exist,32,0,1
10_62,empty,2,0,not_exist,not_exist,6,0,20
10_70,empty,2,0,not_exist,not_exist,32,0,5
10_78,empty,2,0,not_exist,not_exist,5,0,28
10_82,empty,2,0,not_exist,not_exist,64,0,0
10_95,empty,2,0,not_exist,not_exist,5,0,29
10_103,empty,2,0,not_exist,not_exist,5,0,1
10_115,empty,2,0,not_exist,not_exist,5,0,30
10_123,empty,2,0,not_exist,not_exist,5,0,2
10_135,empty,2,0,not_exist,not_exist,5,0,31
10_143,empty,2,0,not_exist,not_exist,5,0,3
10_155,empty,2,0,not_exist,not_exist,6,0,4
11_105,empty,2,0,not_exist,not_exist,64,0,0
11_107,empty,2,0,not_exist,not_exist,64,0,3
11_113,empty,2,0,not_exist,not_exist,32,0,8
11_115,empty,2,0,not_exist,not_exist,32,0,15
11_124,empty,2,0,not_exist,not_exist,64,0,2
11_138,empty,2,0,not_exist,not_exist,64,0,1
12_103,empty,2,0,not_exist,not_exist,32,0,1
12_111,empty,2,0,not_exist,not_exist,4,0,15
12_121,empty,2,0,not_exist,not_exist,3,0,0
12_125,empty,2,0,not_exist,not_exist,2,0,2
12_134,empty,2,0,not_exist,not_exist,128,0,255
12_142,empty,2,0,not_exist,not_exist,129,0,680564733841876926926749214863536422911
12_156,empty,2,0,not_exist,not_exist,32,0,128
12_158,empty,2,0,not_exist,not_exist,32,0,767
12_164,empty,2,0,not_exist,not_exist,32,0,255
12_173,empty,2,0,not_exist,not_exist,32,0,3
12_177,empty,2,0,not_exist,not_exist,32,0,2
12_185,empty,2,0,not_exist,not_exist,64,0,0
12_209,empty,2,0,not_exist,not_exist,16,0,255
12_213,empty,2,0,not_exist,not_exist,16,0,65535
12_240,empty,2,0,not_exist,not_exist,1,0,1
12_250,empty,2,0,not_exist,not_exist,256,0,255
12_258,empty,2,0,not_exist,not_exist,257,0,231584178474632390847141970017375815706539969331281128078915168015826259279871
12_275,empty,2,0,not_exist,not_exist,32,0,256
12_285,empty,2,0,not_exist,not_exist,4,0,0
